DefensiveID,Player ID,Player Name,Tackles,Sacks,Ints,TDs,TFLs,GamesPlayed
1,1,Michael Wilson,0,0,0,0,0,20
2,2,Andrew Anderson,0,0,0,0,0,7
3,3,Paul Smith,0,0,0,0,0,140
4,4,Robert Taylor,0,0,0,0,0,206
5,5,Andrew Smith,706,17,16,1,72,89
6,6,Mark Williams,0,0,0,0,0,40
7,7,Daniel Anderson,205,0,7,0,18,39
8,8,Mark Wilson,858,83,2,1,96,162
9,9,Michael Taylor,936,15,41,14,79,180
10,10,William Moore,159,2,31,1,75,114
11,11,James Davis,0,0,0,0,0,187
12,12,Brian Martin,42,1,6,0,7,21
13,13,Daniel Gonzalez,0,0,0,0,0,176
14,14,David Gonzalez,0,0,0,0,0,56
15,15,Daniel Brown,0,0,0,0,0,48
16,16,Daniel Thomas,0,0,0,0,0,111
17,17,Kevin Brown,108,8,10,0,9,41
18,18,Daniel Martin,798,23,20,12,31,146
19,19,Andrew Thomas,0,0,0,0,0,299
20,20,Michael Davis,0,0,0,0,0,104
21,21,Robert Martin,0,0,0,0,0,60
22,22,Brian Thomas,552,16,15,0,42,160
23,23,Anthony Hernandez,0,0,0,0,0,99
24,24,Brian Lopez,0,0,0,0,0,205
25,25,Brian Miller,975,26,13,11,164,207
26,26,Paul Martinez,0,0,0,0,0,145
27,27,Eric Garcia,310,9,36,4,52,130
28,28,Michael Davis,0,0,0,0,0,21
29,29,Kevin Smith,0,0,0,0,0,18
30,30,Anthony Miller,0,0,0,0,0,180
31,31,Jason Anderson,197,46,2,1,50,98
32,32,David Wilson,331,1,13,2,12,55
33,33,James Hernandez,0,0,0,0,0,64
34,34,Andrew Williams,255,6,14,0,43,74
35,35,Daniel Rodriguez,0,0,0,0,0,97
36,36,Brandon Martinez,0,0,0,0,0,36
37,37,Anthony Williams,0,0,0,0,0,181
38,38,Mark Anderson,0,0,0,0,0,108
39,39,Kevin Rodriguez,0,0,0,0,0,220
40,40,Michael Williams,397,5,25,0,12,73
41,41,David Wilson,0,0,0,0,0,79
42,42,James Taylor,0,0,0,0,0,191
43,43,Eric Jackson,0,0,0,0,0,140
44,44,David Thomas,0,0,0,0,0,289
45,45,Michael Jackson,0,0,0,0,0,201
46,46,Jason Lopez,45,38,2,0,17,44
47,47,Justin Smith,807,20,8,2,102,107
48,48,Kevin Martinez,0,0,0,0,0,83
49,49,Daniel Lopez,0,0,0,0,0,131
50,50,David Brown,0,0,0,0,0,143
51,51,Mark Lopez,0,0,0,0,0,78
52,52,Mark Anderson,0,0,0,0,0,61
53,53,David Hernandez,0,0,0,0,0,155
54,54,Daniel Moore,0,0,0,0,0,29
55,55,Kevin Moore,364,27,32,13,26,215
56,56,Justin Wilson,0,0,0,0,0,67
57,57,Robert Lopez,0,0,0,0,0,7
58,58,Justin Wilson,0,0,0,0,0,172
59,59,William Lopez,0,0,0,0,0,192
60,60,Michael Garcia,0,0,0,0,0,48
61,61,Daniel Martinez,730,107,0,0,135,165
62,62,Brian Williams,0,0,0,0,0,27
63,63,James Johnson,0,0,0,0,0,161
64,64,Michael Thomas,0,0,0,0,0,129
65,65,Michael Taylor,642,12,50,1,25,168
66,66,Joshua Brown,0,0,0,0,0,24
67,67,Justin Martinez,519,11,9,4,72,99
68,68,John Garcia,67,2,3,1,6,12
69,69,Kevin Lopez,0,0,0,0,0,217
70,70,William Rodriguez,0,0,0,0,0,29
71,71,Anthony Thomas,547,20,28,9,24,130
72,72,Kevin Miller,0,0,0,0,0,10
73,73,Anthony Jackson,292,49,2,3,48,140
74,74,Kevin Rodriguez,0,0,0,0,0,60
75,75,Justin Moore,527,81,2,2,167,116
76,76,John Garcia,378,3,36,2,58,120
77,77,William Rodriguez,794,16,21,0,38,111
78,78,David Hernandez,0,0,0,0,0,165
79,79,David Martin,0,0,0,0,0,112
80,80,Ryan Lopez,0,0,0,0,0,124
81,81,John Wilson,0,0,0,0,0,68
82,82,Paul Martinez,509,7,27,1,38,74
83,83,Michael Jackson,146,78,2,0,45,90
84,84,John Moore,0,0,0,0,0,92
85,85,Kevin Anderson,429,56,0,0,95,78
86,86,Jason Davis,0,0,0,0,0,215
87,87,James Miller,0,0,0,0,0,256
88,88,Andrew Brown,0,0,0,0,0,113
89,89,Paul Taylor,242,5,13,2,17,54
90,90,Mark Jones,596,66,0,2,216,125
91,91,Anthony Wilson,374,10,6,1,43,45
92,92,Joshua Wilson,0,0,0,0,0,122
93,93,William Hernandez,0,0,0,0,0,90
94,94,David Taylor,0,0,0,0,0,225
95,95,Robert Williams,0,0,0,0,0,59
96,96,Jason Smith,0,0,0,0,0,221
97,97,Robert Martinez,128,10,8,2,7,75
98,98,Anthony Taylor,0,0,0,0,0,123
99,99,Eric Gonzalez,473,6,63,1,120,194
100,100,John Garcia,0,0,0,0,0,31
101,101,Jason Wilson,525,14,61,3,91,157
102,102,Paul Miller,111,0,7,0,26,48
103,103,Eric Thomas,248,8,7,2,18,34
104,104,Andrew Wilson,0,0,0,0,0,79
105,105,Brandon Martin,0,0,0,0,0,116
106,106,Andrew Martinez,0,0,0,0,0,104
107,107,Jason Lopez,0,0,0,0,0,136
108,108,Paul Rodriguez,0,0,0,0,0,67
109,109,Robert Taylor,1043,16,37,6,59,221
110,110,David Rodriguez,0,0,0,0,0,220
111,111,William Jackson,0,0,0,0,0,165
112,112,Chris Williams,0,0,0,0,0,277
113,113,Jason Wilson,932,29,42,9,42,172
114,114,John Smith,656,12,17,1,61,140
115,115,Brian Martin,0,0,0,0,0,210
116,116,Justin Martinez,0,0,0,0,0,191
117,117,Daniel Hernandez,391,6,28,1,77,137
118,118,Anthony Smith,0,0,0,0,0,180
119,119,Brandon Moore,575,11,31,0,45,127
120,120,Mark Jackson,0,0,0,0,0,172
121,121,Jason Davis,0,0,0,0,0,33
122,122,Kevin Miller,289,31,0,1,87,136
123,123,Ryan Thomas,0,0,0,0,0,109
124,124,Justin Taylor,0,0,0,0,0,177
125,125,John Brown,0,0,0,0,0,206
126,126,Ryan Garcia,297,4,17,0,31,47
127,127,John Davis,908,49,1,2,322,183
128,128,Robert Martinez,0,0,0,0,0,286
129,129,Eric Brown,0,0,0,0,0,64
130,130,Anthony Rodriguez,0,0,0,0,0,187
131,131,Joshua Jones,50,15,2,0,8,19
132,132,Jason Brown,0,0,0,0,0,95
133,133,David Anderson,137,102,0,3,36,103
134,134,Robert Anderson,915,27,11,3,162,167
135,135,Brian Hernandez,889,12,14,7,79,127
136,136,William Jackson,545,18,7,2,38,95
137,137,Daniel Rodriguez,0,0,0,0,0,181
138,138,John Miller,0,0,0,0,0,52
139,139,Andrew Martinez,0,0,0,0,0,106
140,140,John Gonzalez,0,0,0,0,0,91
141,141,Michael Jackson,41,1,1,0,2,7
142,142,Daniel Lopez,195,22,25,7,19,119
143,143,Joshua Moore,348,48,0,3,85,160
144,144,Brian Jackson,0,0,0,0,0,173
145,145,Michael Miller,0,0,0,0,0,127
146,146,Anthony Williams,680,27,14,2,54,138
147,147,Brandon Anderson,415,59,1,0,104,149
148,148,Eric Garcia,180,18,20,1,7,107
149,149,Chris Jackson,769,22,19,0,33,111
150,150,Jason Martinez,147,29,1,1,39,41
151,151,Paul Martinez,0,0,0,0,0,131
152,152,Eric Lopez,459,6,24,0,42,74
153,153,Mark Thomas,92,7,3,0,33,17
154,154,Brandon Smith,0,0,0,0,0,70
155,155,Justin Thomas,85,2,10,0,34,53
156,156,David Thomas,125,3,6,0,20,37
157,157,Chris Brown,1023,137,3,2,268,195
158,158,Chris Gonzalez,0,0,0,0,0,60
159,159,Ryan Lopez,106,4,5,0,5,27
160,160,Brandon Gonzalez,0,0,0,0,0,131
161,161,Eric Taylor,0,0,0,0,0,182
162,162,David Jackson,216,33,0,2,65,129
163,163,Brian Lopez,0,0,0,0,0,56
164,164,Justin Garcia,0,0,0,0,0,185
165,165,Ryan Brown,0,0,0,0,0,71
166,166,Mark Martin,0,0,0,0,0,284
167,167,Michael Garcia,0,0,0,0,0,65
168,168,Kevin Garcia,658,9,30,5,79,131
169,169,William Taylor,0,0,0,0,0,38
170,170,Anthony Moore,35,6,3,0,14,29
171,171,Michael Davis,580,8,27,9,45,108
172,172,Eric Taylor,329,18,16,8,18,158
173,173,Chris Moore,0,0,0,0,0,182
174,174,Jason Moore,0,0,0,0,0,49
175,175,Brian Johnson,0,0,0,0,0,181
176,176,David Anderson,490,68,2,3,170,145
177,177,Joshua Williams,0,0,0,0,0,84
178,178,Joshua Gonzalez,0,0,0,0,0,36
179,179,Kevin Taylor,0,0,0,0,0,9
180,180,Jason Gonzalez,0,0,0,0,0,201
181,181,Ryan Wilson,0,0,0,0,0,159
182,182,William Miller,1115,12,58,1,30,173
183,183,Robert Smith,0,0,0,0,0,29
184,184,Jason Jones,0,0,0,0,0,19
185,185,Chris Williams,0,0,0,0,0,99
186,186,Jason Garcia,0,0,0,0,0,86
187,187,Jason Johnson,0,0,0,0,0,49
188,188,Justin Thomas,0,0,0,0,0,60
189,189,Mark Thomas,0,0,0,0,0,254
190,190,Brian Jones,0,0,0,0,0,88
191,191,Michael Taylor,0,0,0,0,0,15
192,192,Joshua Moore,0,0,0,0,0,104
193,193,Chris Jackson,0,0,0,0,0,160
194,194,Daniel Rodriguez,0,0,0,0,0,135
195,195,Andrew Gonzalez,0,0,0,0,0,213
196,196,Mark Thomas,127,2,3,0,9,15
197,197,Robert Martinez,80,12,3,0,23,19
198,198,Joshua Smith,1024,17,25,7,154,212
199,199,William Martinez,0,0,0,0,0,60
200,200,Chris Jackson,0,0,0,0,0,114
201,201,Andrew Martin,0,0,0,0,0,191
202,202,David Jackson,0,0,0,0,0,42
203,203,Robert Johnson,0,0,0,0,0,30
204,204,Chris Taylor,0,0,0,0,0,188
205,205,Paul Lopez,0,0,0,0,0,79
206,206,Jason Hernandez,0,0,0,0,0,96
207,207,Justin Gonzalez,0,0,0,0,0,171
208,208,Andrew Garcia,0,0,0,0,0,223
209,209,Kevin Smith,310,5,11,1,19,50
210,210,Justin Moore,992,5,51,3,84,175
211,211,Eric Anderson,0,0,0,0,0,89
212,212,Anthony Martin,0,0,0,0,0,12
213,213,Robert Jackson,0,0,0,0,0,51
214,214,Kevin Martin,318,7,7,1,31,74
215,215,Michael Jones,0,0,0,0,0,220
216,216,Daniel Martinez,0,0,0,0,0,37
217,217,Joshua Wilson,1604,44,36,3,205,209
218,218,Andrew Smith,682,28,36,5,29,185
219,219,Brandon Jackson,0,0,0,0,0,186
220,220,Brandon Johnson,0,0,0,0,0,211
221,221,Anthony Jackson,422,34,0,1,80,74
222,222,Mark Jackson,0,0,0,0,0,184
223,223,Kevin Jackson,864,172,1,4,168,172
224,224,Mark Davis,0,0,0,0,0,88
225,225,Ryan Garcia,397,76,2,3,71,107
226,226,John Moore,82,1,20,1,23,58
227,227,Justin Lopez,0,0,0,0,0,142
228,228,John Wilson,481,0,39,1,51,117
229,229,Brian Moore,824,18,32,2,79,143
230,230,Ryan Miller,0,0,0,0,0,66
231,231,Justin Williams,0,0,0,0,0,90
232,232,David Wilson,0,0,0,0,0,99
233,233,Anthony Jackson,435,11,23,7,77,186
234,234,Anthony Martin,570,120,3,5,228,156
235,235,Eric Williams,0,0,0,0,0,186
236,236,Michael Williams,0,0,0,0,0,59
237,237,Jason Taylor,0,0,0,0,0,176
238,238,Kevin Anderson,354,9,17,1,18,126
239,239,Kevin Johnson,0,0,0,0,0,72
240,240,Michael Hernandez,967,17,32,6,67,144
241,241,Brandon Martinez,276,0,23,1,59,144
242,242,Eric Brown,0,0,0,0,0,82
243,243,Mark Garcia,0,0,0,0,0,35
244,244,Chris Gonzalez,0,0,0,0,0,107
245,245,John Thomas,0,0,0,0,0,134
246,246,Justin Garcia,0,0,0,0,0,64
247,247,John Moore,0,0,0,0,0,88
248,248,Ryan Martin,0,0,0,0,0,93
249,249,Jason Martinez,345,6,49,0,53,178
250,250,Ryan Gonzalez,0,0,0,0,0,23
251,251,Paul Gonzalez,0,0,0,0,0,99
252,252,Robert Jackson,0,0,0,0,0,139
253,253,Anthony Garcia,0,0,0,0,0,78
254,254,Brian Johnson,291,2,21,0,12,62
255,255,Eric Jones,0,0,0,0,0,61
256,256,William Hernandez,881,5,36,4,48,148
257,257,Anthony Martinez,792,26,35,15,50,188
258,258,Daniel Taylor,0,0,0,0,0,130
259,259,Ryan Jackson,13,3,0,0,5,8
260,260,Eric Miller,0,0,0,0,0,32
261,261,Michael Rodriguez,1121,19,16,1,97,136
262,262,Ryan Hernandez,0,0,0,0,0,15
263,263,William Miller,570,11,47,2,67,185
264,264,John Taylor,0,0,0,0,0,162
265,265,Joshua Lopez,0,0,0,0,0,253
266,266,David Miller,0,0,0,0,0,52
267,267,William Thomas,0,0,0,0,0,87
268,268,William Wilson,0,0,0,0,0,190
269,269,Paul Wilson,84,0,18,1,30,46
270,270,Daniel Johnson,0,0,0,0,0,18
271,271,Mark Martin,0,0,0,0,0,74
272,272,Mark Rodriguez,0,0,0,0,0,113
273,273,Anthony Lopez,0,0,0,0,0,117
274,274,Michael Hernandez,0,0,0,0,0,164
275,275,Brian Jones,0,0,0,0,0,102
276,276,Ryan Brown,898,17,31,13,45,164
277,277,Justin Martinez,840,16,20,1,82,131
278,278,David Davis,0,0,0,0,0,175
279,279,Mark Jones,1443,43,25,6,117,181
280,280,Justin Miller,1306,19,25,7,152,150
281,281,Justin Martinez,0,0,0,0,0,53
282,282,William Gonzalez,0,0,0,0,0,158
283,283,John Taylor,574,18,15,1,23,66
284,284,Mark Johnson,0,0,0,0,0,173
285,285,Andrew Brown,0,0,0,0,0,37
286,286,Brian Miller,250,13,52,0,63,135
287,287,Kevin Johnson,659,103,1,1,213,176
288,288,Eric Jones,338,13,0,2,59,59
289,289,William Martin,103,17,2,0,28,37
290,290,Mark Martinez,469,10,21,3,49,155
291,291,Jason Jones,0,0,0,0,0,103
292,292,Justin Rodriguez,273,3,15,0,16,47
293,293,John Johnson,0,0,0,0,0,223
294,294,Brian Rodriguez,384,8,13,0,75,147
295,295,Jason Rodriguez,1190,38,47,10,58,193
296,296,Joshua Williams,0,0,0,0,0,59
297,297,Robert Miller,0,0,0,0,0,98
298,298,Ryan Rodriguez,0,0,0,0,0,151
299,299,James Smith,505,0,57,5,63,157
300,300,Paul Martin,385,12,5,4,29,69
301,301,Kevin Garcia,0,0,0,0,0,107
302,302,John Hernandez,0,0,0,0,0,114
303,303,Daniel Jackson,20,1,2,0,3,13
304,304,Andrew Jackson,0,0,0,0,0,179
305,305,Brian Taylor,0,0,0,0,0,220
306,306,Brandon Smith,347,1,16,0,28,62
307,307,Kevin Williams,494,8,25,1,30,105
308,308,William Rodriguez,0,0,0,0,0,37
309,309,Jason Hernandez,1428,37,38,2,228,187
310,310,Michael Jackson,0,0,0,0,0,100
311,311,Andrew Brown,561,10,20,5,24,87
312,312,Kevin Thomas,0,0,0,0,0,159
313,313,Paul Taylor,0,0,0,0,0,187
314,314,Brian Miller,0,0,0,0,0,199
315,315,Andrew Rodriguez,285,6,7,0,11,63
316,316,Chris Moore,926,15,38,2,81,182
317,317,Michael Smith,0,0,0,0,0,35
318,318,Chris Miller,0,0,0,0,0,175
319,319,Daniel Thomas,0,0,0,0,0,67
320,320,Justin Rodriguez,0,0,0,0,0,202
321,321,Robert Smith,0,0,0,0,0,29
322,322,Brian Rodriguez,0,0,0,0,0,112
323,323,Andrew Gonzalez,0,0,0,0,0,171
324,324,John Garcia,212,1,5,0,17,31
325,325,James Hernandez,0,0,0,0,0,32
326,326,Chris Taylor,1393,38,40,7,60,175
327,327,Kevin Brown,0,0,0,0,0,245
328,328,Robert Johnson,0,0,0,0,0,185
329,329,Robert Martinez,0,0,0,0,0,26
330,330,John Taylor,0,0,0,0,0,216
331,331,David Martin,0,0,0,0,0,119
332,332,Joshua Gonzalez,0,0,0,0,0,191
333,333,Brandon Davis,0,0,0,0,0,60
334,334,Ryan Lopez,0,0,0,0,0,26
335,335,Brian Williams,0,0,0,0,0,71
336,336,David Moore,0,0,0,0,0,30
337,337,Jason Martinez,102,3,6,0,30,46
338,338,Andrew Garcia,1145,29,14,10,219,184
339,339,Eric Gonzalez,0,0,0,0,0,214
340,340,Michael Johnson,427,19,78,2,129,199
341,341,David Jones,0,0,0,0,0,47
342,342,Jason Moore,0,0,0,0,0,52
343,343,Kevin Jones,0,0,0,0,0,211
344,344,James Rodriguez,979,32,37,15,70,196
345,345,Kevin Wilson,573,6,22,3,14,83
346,346,Chris Hernandez,0,0,0,0,0,214
347,347,Justin Jones,0,0,0,0,0,197
348,348,Mark Smith,681,18,20,2,52,163
349,349,Brian Lopez,374,8,24,0,30,186
350,350,Kevin Garcia,0,0,0,0,0,10
351,351,Michael Garcia,0,0,0,0,0,19
352,352,Michael Davis,0,0,0,0,0,220
353,353,Chris Jackson,420,30,36,5,41,159
354,354,Michael Garcia,0,0,0,0,0,51
355,355,Daniel Wilson,173,76,0,0,54,102
356,356,Joshua Gonzalez,0,0,0,0,0,50
357,357,John Anderson,1060,22,41,11,49,190
358,358,Brian Rodriguez,0,0,0,0,0,210
359,359,Jason Hernandez,0,0,0,0,0,175
360,360,Michael Lopez,0,0,0,0,0,207
361,361,Kevin Wilson,448,7,13,4,88,91
362,362,Anthony Moore,0,0,0,0,0,212
363,363,Chris Johnson,0,0,0,0,0,221
364,364,Robert Taylor,0,0,0,0,0,209
365,365,Anthony Jones,70,1,3,0,14,13
366,366,Brian Gonzalez,143,2,8,0,7,25
367,367,Eric Davis,411,8,33,3,49,135
368,368,Brandon Lopez,110,48,2,0,44,87
369,369,Joshua Gonzalez,0,0,0,0,0,173
370,370,Paul Johnson,121,7,6,0,12,47
371,371,Chris Gonzalez,0,0,0,0,0,209
372,372,Eric Hernandez,0,0,0,0,0,143
373,373,Joshua Jackson,0,0,0,0,0,152
374,374,William Taylor,0,0,0,0,0,13
375,375,Ryan Martin,0,0,0,0,0,159
376,376,Ryan Rodriguez,596,9,24,4,41,189
377,377,Jason Martinez,0,0,0,0,0,50
378,378,David Wilson,0,0,0,0,0,172
379,379,John Williams,0,0,0,0,0,112
380,380,Mark Martin,277,77,0,2,82,78
381,381,Chris Moore,157,9,21,3,12,125
382,382,Ryan Jackson,0,0,0,0,0,155
383,383,Ryan Taylor,287,46,3,6,31,158
384,384,Kevin Garcia,0,0,0,0,0,223
385,385,John Johnson,335,4,18,2,23,59
386,386,John Jones,0,0,0,0,0,299
387,387,David Lopez,0,0,0,0,0,97
388,388,Mark Jones,483,8,34,1,72,186
389,389,Ryan Anderson,0,0,0,0,0,42
390,390,Robert Anderson,0,0,0,0,0,220
391,391,Michael Martin,0,0,0,0,0,210
392,392,Chris Gonzalez,0,0,0,0,0,18
393,393,John Gonzalez,0,0,0,0,0,19
394,394,Joshua Thomas,0,0,0,0,0,221
395,395,Andrew Martin,0,0,0,0,0,211
396,396,James Davis,0,0,0,0,0,136
397,397,William Moore,0,0,0,0,0,217
398,398,Brian Jones,0,0,0,0,0,151
399,399,Robert Williams,0,0,0,0,0,70
400,400,David Gonzalez,246,8,25,2,9,106
401,401,Kevin Rodriguez,816,25,13,5,136,157
402,402,Michael Anderson,0,0,0,0,0,9
403,403,Robert Smith,0,0,0,0,0,126
404,404,Kevin Rodriguez,981,28,33,6,39,188
405,405,Ryan Martinez,0,0,0,0,0,145
406,406,Anthony Davis,0,0,0,0,0,162
407,407,Kevin Smith,0,0,0,0,0,52
408,408,James Jones,0,0,0,0,0,225
409,409,Robert Taylor,319,3,29,1,20,79
410,410,Eric Martinez,0,0,0,0,0,187
411,411,Brandon Garcia,0,0,0,0,0,15
412,412,John Jackson,0,0,0,0,0,96
413,413,Mark Smith,0,0,0,0,0,63
414,414,Chris Rodriguez,0,0,0,0,0,96
415,415,Andrew Jones,0,0,0,0,0,24
416,416,Justin Jackson,265,7,17,3,60,103
417,417,Anthony Thomas,0,0,0,0,0,135
418,418,Daniel Garcia,0,0,0,0,0,138
419,419,Mark Miller,0,0,0,0,0,183
420,420,Paul Taylor,0,0,0,0,0,28
421,421,Jason Smith,608,4,45,4,19,142
422,422,Daniel Smith,0,0,0,0,0,180
423,423,Paul Wilson,0,0,0,0,0,129
424,424,Jason Taylor,935,22,22,0,158,129
425,425,Brandon Williams,0,0,0,0,0,33
426,426,Michael Jones,0,0,0,0,0,89
427,427,Justin Gonzalez,0,0,0,0,0,173
428,428,Mark Jackson,372,8,47,7,44,198
429,429,Brandon Gonzalez,430,9,5,1,67,58
430,430,David Garcia,0,0,0,0,0,18
431,431,Daniel Gonzalez,0,0,0,0,0,86
432,432,Eric Williams,0,0,0,0,0,214
433,433,Brian Gonzalez,0,0,0,0,0,94
434,434,Robert Lopez,186,72,3,5,44,127
435,435,Ryan Gonzalez,0,0,0,0,0,185
436,436,Robert Moore,558,22,18,4,41,127
437,437,Eric Lopez,282,80,3,4,79,122
438,438,Michael Hernandez,0,0,0,0,0,262
439,439,William Rodriguez,0,0,0,0,0,13
440,440,Jason Rodriguez,0,0,0,0,0,61
441,441,Brian Gonzalez,0,0,0,0,0,178
442,442,David Martin,905,0,37,4,23,191
443,443,Brandon Davis,0,0,0,0,0,201
444,444,Mark Garcia,1132,14,63,3,65,179
445,445,Mark Anderson,404,8,15,3,31,72
446,446,Chris Hernandez,0,0,0,0,0,85
447,447,Michael Gonzalez,655,19,15,3,48,112
448,448,Mark Thomas,0,0,0,0,0,86
449,449,David Lopez,0,0,0,0,0,173
450,450,Joshua Jackson,164,1,10,1,28,51
451,451,Jason Davis,22,5,1,0,8,17
452,452,Brian Miller,0,0,0,0,0,172
453,453,William Davis,905,117,3,4,111,187
454,454,James Miller,195,5,10,3,10,46
455,455,Kevin Wilson,417,29,1,1,60,83
456,456,Justin Jones,0,0,0,0,0,133
457,457,Paul Rodriguez,0,0,0,0,0,78
458,458,Joshua Jackson,0,0,0,0,0,213
459,459,Andrew Johnson,0,0,0,0,0,96
460,460,Eric Hernandez,0,0,0,0,0,25
461,461,Brandon Miller,0,0,0,0,0,67
462,462,Paul Miller,0,0,0,0,0,157
463,463,Joshua Davis,0,0,0,0,0,198
464,464,John Garcia,0,0,0,0,0,27
465,465,Eric Hernandez,780,35,53,12,33,225
466,466,Joshua Johnson,0,0,0,0,0,113
467,467,Kevin Moore,357,16,23,3,132,200
468,468,Ryan Brown,0,0,0,0,0,79
469,469,Anthony Anderson,623,4,15,2,30,123
470,470,Paul Moore,0,0,0,0,0,198
471,471,Mark Gonzalez,729,102,0,3,270,152
472,472,Daniel Taylor,0,0,0,0,0,51
473,473,Jason Moore,0,0,0,0,0,118
474,474,Robert Taylor,1096,25,22,8,60,176
475,475,Anthony Anderson,88,5,3,0,7,28
476,476,Paul Miller,106,47,3,2,37,54
477,477,Justin Jones,0,0,0,0,0,123
478,478,William Jones,0,0,0,0,0,211
479,479,Andrew Martinez,0,0,0,0,0,221
480,480,Brian Miller,78,2,8,1,5,25
481,481,James Jackson,0,0,0,0,0,15
482,482,Mark Taylor,0,0,0,0,0,129
483,483,John Thomas,135,24,23,2,8,124
484,484,Justin Davis,0,0,0,0,0,136
485,485,Justin Miller,0,0,0,0,0,78
486,486,James Martinez,0,0,0,0,0,138
487,487,Robert Rodriguez,0,0,0,0,0,212
488,488,Jason Garcia,0,0,0,0,0,212
489,489,Ryan Anderson,0,0,0,0,0,212
490,490,Paul Gonzalez,0,0,0,0,0,206
491,491,John Thomas,0,0,0,0,0,221
492,492,Justin Garcia,307,39,53,1,25,219
493,493,Kevin Rodriguez,168,9,7,1,12,59
494,494,Kevin Martin,737,21,12,8,59,109
495,495,Andrew Williams,381,12,5,3,39,78
496,496,Brandon Anderson,0,0,0,0,0,217
497,497,Joshua Jackson,0,0,0,0,0,86
498,498,Robert Brown,0,0,0,0,0,83
499,499,Joshua Anderson,279,77,0,2,41,78
500,500,Daniel Martinez,0,0,0,0,0,63
501,501,David Wilson,133,16,13,4,13,107
502,502,Joshua Rodriguez,0,0,0,0,0,96
503,503,Chris Davis,484,13,16,0,77,106
504,504,James Lopez,395,24,0,1,120,82
505,505,Kevin Moore,642,11,32,6,54,129
506,506,Joshua Lopez,0,0,0,0,0,205
507,507,Mark Taylor,0,0,0,0,0,68
508,508,Paul Gonzalez,0,0,0,0,0,88
509,509,Jason Hernandez,158,18,2,0,23,67
510,510,Paul Thomas,0,0,0,0,0,172
511,511,Mark Jackson,0,0,0,0,0,17
512,512,Kevin Martin,475,172,2,1,171,184
513,513,Justin Jackson,221,0,20,5,76,143
514,514,James Rodriguez,0,0,0,0,0,78
515,515,Kevin Smith,335,6,5,1,30,49
516,516,Robert Johnson,0,0,0,0,0,110
517,517,Eric Hernandez,0,0,0,0,0,36
518,518,Joshua Davis,0,0,0,0,0,175
519,519,William Moore,0,0,0,0,0,103
520,520,Brandon Lopez,363,4,12,0,13,54
521,521,John Hernandez,0,0,0,0,0,34
522,522,Joshua Gonzalez,339,9,14,4,29,80
523,523,Brian Anderson,438,94,3,0,82,97
524,524,David Anderson,0,0,0,0,0,13
525,525,Robert Taylor,239,0,12,1,16,37
526,526,Brian Martin,0,0,0,0,0,245
527,527,Mark Jackson,0,0,0,0,0,34
528,528,Ryan Johnson,0,0,0,0,0,197
529,529,John Gonzalez,249,131,0,5,72,134
530,530,William Davis,761,30,28,9,52,160
531,531,Brandon Hernandez,0,0,0,0,0,53
532,532,Joshua Anderson,0,0,0,0,0,161
533,533,Paul Hernandez,0,0,0,0,0,104
534,534,Brian Anderson,0,0,0,0,0,217
535,535,Anthony Miller,0,0,0,0,0,121
536,536,Joshua Anderson,0,0,0,0,0,15
537,537,Kevin Jones,640,21,8,1,102,77
538,538,Kevin Wilson,0,0,0,0,0,152
539,539,Chris Martin,0,0,0,0,0,170
540,540,David Taylor,0,0,0,0,0,16
541,541,Joshua Anderson,0,0,0,0,0,62
542,542,Paul Anderson,0,0,0,0,0,132
543,543,Ryan Hernandez,176,11,0,1,30,31
544,544,Joshua Miller,0,0,0,0,0,148
545,545,Daniel Taylor,0,0,0,0,0,103
546,546,Paul Hernandez,230,7,11,0,25,51
547,547,David Lopez,169,96,3,1,58,126
548,548,Eric Taylor,0,0,0,0,0,168
549,549,Joshua Garcia,0,0,0,0,0,165
550,550,James Wilson,459,43,3,3,130,83
551,551,William Thomas,0,0,0,0,0,159
552,552,Jason Garcia,0,0,0,0,0,63
553,553,Anthony Williams,397,72,2,2,51,82
554,554,Brandon Williams,0,0,0,0,0,127
555,555,Eric Rodriguez,0,0,0,0,0,173
556,556,Kevin Jones,777,43,2,1,112,146
557,557,Kevin Rodriguez,0,0,0,0,0,79
558,558,Daniel Garcia,0,0,0,0,0,29
559,559,Ryan Rodriguez,0,0,0,0,0,190
560,560,Brian Brown,0,0,0,0,0,129
561,561,Mark Williams,0,0,0,0,0,97
562,562,James Rodriguez,525,35,2,0,84,156
563,563,David Anderson,0,0,0,0,0,176
564,564,Ryan Gonzalez,0,0,0,0,0,126
565,565,Paul Williams,101,11,12,1,7,92
566,566,Anthony Brown,0,0,0,0,0,201
567,567,James Gonzalez,0,0,0,0,0,161
568,568,Joshua Smith,0,0,0,0,0,35
569,569,Robert Hernandez,0,0,0,0,0,18
570,570,Andrew Miller,392,11,12,2,46,64
571,571,Mark Jackson,459,12,22,8,37,122
572,572,Robert Lopez,0,0,0,0,0,210
573,573,Chris Wilson,0,0,0,0,0,94
574,574,Justin Hernandez,0,0,0,0,0,46
575,575,Paul Miller,487,74,1,3,119,102
576,576,Paul Smith,0,0,0,0,0,210
577,577,Andrew Wilson,681,60,0,3,191,174
578,578,Chris Anderson,0,0,0,0,0,216
579,579,Kevin Thomas,0,0,0,0,0,148
580,580,Robert Thomas,322,1,12,2,23,56
581,581,Anthony Johnson,0,0,0,0,0,152
582,582,Andrew Martinez,0,0,0,0,0,198
583,583,Justin Smith,0,0,0,0,0,143
584,584,Michael Jackson,0,0,0,0,0,130
585,585,William Garcia,830,18,22,4,48,109
586,586,Daniel Jackson,0,0,0,0,0,212
587,587,Jason Lopez,0,0,0,0,0,159
588,588,Anthony Garcia,100,13,10,0,8,66
589,589,John Hernandez,0,0,0,0,0,115
590,590,Kevin Smith,0,0,0,0,0,276
591,591,Ryan Miller,0,0,0,0,0,62
592,592,John Brown,0,0,0,0,0,12
593,593,David Moore,1554,45,12,11,121,203
594,594,Paul Wilson,81,7,17,2,4,80
595,595,Justin Jackson,1663,53,45,6,162,208
596,596,Robert Williams,0,0,0,0,0,201
597,597,Kevin Brown,0,0,0,0,0,115
598,598,Justin Taylor,414,1,39,2,56,112
599,599,Ryan Wilson,0,0,0,0,0,42
600,600,Ryan Hernandez,86,0,8,1,27,47
601,601,Paul Brown,776,20,36,10,36,170
602,602,Anthony Garcia,0,0,0,0,0,81
603,603,Jason Garcia,0,0,0,0,0,164
604,604,Anthony Martinez,69,26,2,1,8,31
605,605,Paul Smith,106,2,7,1,12,41
606,606,Chris Martinez,0,0,0,0,0,35
607,607,Eric Wilson,63,0,8,0,8,23
608,608,Paul Garcia,0,0,0,0,0,88
609,609,Joshua Moore,0,0,0,0,0,17
610,610,Justin Martin,0,0,0,0,0,23
611,611,Kevin Gonzalez,0,0,0,0,0,88
612,612,Paul Jones,93,28,0,0,32,62
613,613,Daniel Martinez,0,0,0,0,0,72
614,614,Paul Taylor,0,0,0,0,0,99
615,615,Michael Garcia,0,0,0,0,0,118
616,616,Michael Rodriguez,0,0,0,0,0,123
617,617,Kevin Martin,0,0,0,0,0,202
618,618,Andrew Smith,0,0,0,0,0,100
619,619,Joshua Brown,139,5,9,2,44,76
620,620,Daniel Thomas,817,14,29,3,128,177
621,621,John Wilson,220,31,3,2,62,54
622,622,Ryan Hernandez,0,0,0,0,0,169
623,623,Anthony Gonzalez,0,0,0,0,0,59
624,624,Paul Brown,532,11,35,6,30,165
625,625,Mark Hernandez,393,17,25,3,34,114
626,626,Robert Garcia,0,0,0,0,0,22
627,627,Justin Miller,573,124,2,0,59,163
628,628,Mark Miller,0,0,0,0,0,209
629,629,Andrew Miller,0,0,0,0,0,93
630,630,Robert Wilson,0,0,0,0,0,50
631,631,Ryan Taylor,1143,30,31,14,71,198
632,632,David Smith,426,8,40,2,16,108
633,633,Justin Jones,391,8,19,4,33,112
634,634,Brian Anderson,206,113,3,0,40,137
635,635,Andrew Jones,0,0,0,0,0,113
636,636,Justin Rodriguez,0,0,0,0,0,138
637,637,James Williams,0,0,0,0,0,143
638,638,Brandon Brown,551,56,3,1,168,172
639,639,James Rodriguez,0,0,0,0,0,151
640,640,Anthony Williams,1160,18,44,16,95,197
641,641,Robert Hernandez,0,0,0,0,0,224
642,642,Brandon Martin,0,0,0,0,0,127
643,643,William Martin,1291,38,29,11,125,204
644,644,Brandon Anderson,0,0,0,0,0,110
645,645,James Garcia,382,14,17,2,17,85
646,646,Mark Hernandez,299,6,33,1,16,137
647,647,Joshua Thomas,0,0,0,0,0,71
648,648,Brandon Davis,0,0,0,0,0,89
649,649,Robert Hernandez,0,0,0,0,0,15
650,650,Justin Miller,125,14,14,6,5,105
651,651,Joshua Martinez,230,26,0,1,76,66
652,652,Eric Johnson,322,81,3,1,116,87
653,653,Justin Thomas,0,0,0,0,0,170
654,654,James Rodriguez,0,0,0,0,0,30
655,655,Chris Davis,362,58,1,0,71,72
656,656,Andrew Thomas,348,5,16,0,14,133
657,657,Robert Williams,0,0,0,0,0,184
658,658,Mark Davis,665,15,16,1,90,134
659,659,Ryan Jones,292,8,7,1,19,37
660,660,Ryan Jackson,648,19,27,3,88,112
661,661,James Jones,1529,43,35,4,149,218
662,662,John Jones,650,22,22,2,43,135
663,663,James Thomas,0,0,0,0,0,184
664,664,James Gonzalez,0,0,0,0,0,160
665,665,Anthony Wilson,0,0,0,0,0,150
666,666,Eric Gonzalez,0,0,0,0,0,79
667,667,Andrew Garcia,0,0,0,0,0,142
668,668,Justin Jones,0,0,0,0,0,34
669,669,Kevin Smith,229,14,23,3,11,139
670,670,Brian Anderson,0,0,0,0,0,183
671,671,Paul Taylor,363,151,0,5,138,166
672,672,Ryan Martin,464,1,30,2,80,184
673,673,Kevin Davis,50,1,1,0,5,10
674,674,Paul Lopez,0,0,0,0,0,102
675,675,Andrew Hernandez,1016,2,44,5,67,152
676,676,Kevin Moore,0,0,0,0,0,159
677,677,Joshua Thomas,425,10,47,4,36,192
678,678,Brian Rodriguez,0,0,0,0,0,168
679,679,Brian Martinez,0,0,0,0,0,50
680,680,Kevin Moore,0,0,0,0,0,51
681,681,Brandon Garcia,0,0,0,0,0,218
682,682,Daniel Williams,538,27,3,1,200,99
683,683,Brian Thomas,328,14,32,0,86,147
684,684,Eric Lopez,529,15,39,1,25,153
685,685,Andrew Hernandez,0,0,0,0,0,35
686,686,Paul Brown,347,2,36,1,11,91
687,687,Daniel Thomas,422,43,52,2,38,215
688,688,John Davis,715,16,25,14,67,220
689,689,David Smith,35,0,1,0,4,8
690,690,Kevin Lopez,0,0,0,0,0,92
691,691,James Miller,0,0,0,0,0,195
692,692,Kevin Thomas,0,0,0,0,0,22
693,693,Paul Jones,865,18,32,2,40,193
694,694,Jason Thomas,0,0,0,0,0,198
695,695,Joshua Martinez,0,0,0,0,0,176
696,696,Brian Wilson,0,0,0,0,0,70
697,697,Michael Jackson,960,13,15,7,188,149
698,698,Brian Jackson,0,0,0,0,0,207
699,699,David Wilson,931,17,32,9,63,169
700,700,Ryan Williams,0,0,0,0,0,168
701,701,James Gonzalez,0,0,0,0,0,188
702,702,Paul Taylor,853,23,13,6,135,135
703,703,James Martinez,0,0,0,0,0,116
704,704,Brandon Rodriguez,269,0,14,1,8,69
705,705,Joshua Thomas,0,0,0,0,0,225
706,706,Robert Jones,0,0,0,0,0,155
707,707,William Jones,362,18,20,4,26,111
708,708,Brian Hernandez,0,0,0,0,0,91
709,709,Andrew Martin,0,0,0,0,0,171
710,710,Brandon Thomas,0,0,0,0,0,204
711,711,Eric Thomas,0,0,0,0,0,61
712,712,Michael Smith,942,26,28,6,133,142
713,713,Ryan Lopez,0,0,0,0,0,119
714,714,Mark Brown,582,16,17,2,25,116
715,715,Justin Martinez,0,0,0,0,0,155
716,716,Anthony Williams,0,0,0,0,0,72
717,717,Brian Thomas,0,0,0,0,0,22
718,718,Daniel Miller,0,0,0,0,0,113
719,719,John Williams,0,0,0,0,0,214
720,720,Kevin Smith,388,39,0,3,113,100
721,721,Kevin Lopez,401,17,66,2,96,199
722,722,Justin Anderson,0,0,0,0,0,177
723,723,Robert Johnson,0,0,0,0,0,19
724,724,Eric Hernandez,0,0,0,0,0,99
725,725,Michael Jackson,0,0,0,0,0,151
726,726,Michael Taylor,401,6,13,4,17,69
727,727,James Moore,326,1,18,0,43,74
728,728,Brian Garcia,0,0,0,0,0,76
729,729,Anthony Moore,0,0,0,0,0,92
730,730,Brandon Lopez,600,17,39,13,37,210
731,731,David Brown,0,0,0,0,0,51
732,732,Jason Brown,0,0,0,0,0,157
733,733,Robert Gonzalez,1112,27,27,5,166,137
734,734,Ryan Taylor,161,2,3,0,16,26
735,735,Ryan Johnson,0,0,0,0,0,253
736,736,Ryan Brown,0,0,0,0,0,157
737,737,Chris Jones,259,174,2,1,39,194
738,738,Joshua Thomas,0,0,0,0,0,60
739,739,Andrew Hernandez,0,0,0,0,0,51
740,740,John Jones,0,0,0,0,0,127
741,741,John Johnson,0,0,0,0,0,187
742,742,Jason Lopez,0,0,0,0,0,89
743,743,James Jackson,0,0,0,0,0,137
744,744,Ryan Hernandez,0,0,0,0,0,22
745,745,James Brown,0,0,0,0,0,53
746,746,Paul Moore,629,16,52,8,104,214
747,747,Michael Garcia,0,0,0,0,0,219
748,748,Robert Miller,0,0,0,0,0,178
749,749,Kevin Martin,0,0,0,0,0,84
750,750,David Johnson,0,0,0,0,0,28
751,751,Kevin Anderson,0,0,0,0,0,197
752,752,Jason Gonzalez,0,0,0,0,0,167
753,753,Anthony Hernandez,0,0,0,0,0,97
754,754,Brandon Brown,264,21,18,5,16,112
755,755,Andrew Wilson,0,0,0,0,0,77
756,756,Anthony Martin,507,4,25,2,19,91
757,757,Brandon Jackson,0,0,0,0,0,180
758,758,David Davis,0,0,0,0,0,147
759,759,Andrew Davis,0,0,0,0,0,150
760,760,Andrew Rodriguez,544,1,13,2,25,122
761,761,John Davis,340,12,13,3,17,82
762,762,Joshua Smith,193,3,23,1,11,94
763,763,Paul Brown,364,10,13,6,32,136
764,764,James Rodriguez,0,0,0,0,0,122
765,765,Ryan Martin,0,0,0,0,0,68
766,766,Brian Williams,1245,35,31,3,188,214
767,767,Eric Garcia,0,0,0,0,0,207
768,768,William Anderson,0,0,0,0,0,160
769,769,Anthony Moore,0,0,0,0,0,106
770,770,Justin Miller,0,0,0,0,0,216
771,771,David Brown,0,0,0,0,0,13
772,772,Paul Garcia,0,0,0,0,0,122
773,773,Michael Lopez,0,0,0,0,0,82
774,774,Brandon Garcia,934,13,44,0,70,182
775,775,Mark Anderson,219,89,1,4,64,148
776,776,James Thomas,418,17,13,4,27,108
777,777,Robert Martin,22,1,3,0,8,12
778,778,Paul Brown,0,0,0,0,0,203
779,779,Andrew Jones,0,0,0,0,0,56
780,780,Robert Anderson,0,0,0,0,0,140
781,781,Michael Lopez,0,0,0,0,0,50
782,782,Kevin Gonzalez,760,15,21,6,107,120
783,783,Robert Miller,708,26,16,2,41,152
784,784,Justin Wilson,0,0,0,0,0,219
785,785,Anthony Smith,0,0,0,0,0,172
786,786,John Johnson,230,6,7,3,8,46
787,787,Paul Thomas,0,0,0,0,0,174
788,788,Brandon Wilson,0,0,0,0,0,112
789,789,Daniel Brown,1423,22,31,3,284,192
790,790,Anthony Hernandez,220,4,20,0,17,94
791,791,Andrew Smith,0,0,0,0,0,124
792,792,Kevin Jackson,0,0,0,0,0,56
793,793,Joshua Johnson,543,14,20,4,25,97
794,794,Michael Hernandez,427,113,3,1,54,127
795,795,Mark Hernandez,738,9,26,5,24,147
796,796,Eric Jones,0,0,0,0,0,16
797,797,Michael Thomas,0,0,0,0,0,197
798,798,Michael Jackson,0,0,0,0,0,133
799,799,Ryan Hernandez,0,0,0,0,0,63
800,800,Mark Smith,0,0,0,0,0,32
801,801,Justin Hernandez,0,0,0,0,0,19
802,802,William Davis,0,0,0,0,0,126
803,803,Chris Wilson,0,0,0,0,0,16
804,804,Chris Brown,1099,23,22,5,211,200
805,805,Brandon Wilson,245,28,3,1,59,53
806,806,Jason Thomas,0,0,0,0,0,18
807,807,Michael Rodriguez,0,0,0,0,0,208
808,808,Brian Williams,0,0,0,0,0,133
809,809,Paul Wilson,0,0,0,0,0,186
810,810,Robert Taylor,0,0,0,0,0,74
811,811,Chris Anderson,0,0,0,0,0,181
812,812,John Garcia,254,36,36,10,16,197
813,813,Andrew Garcia,0,0,0,0,0,9
814,814,William Jackson,0,0,0,0,0,225
815,815,Justin Rodriguez,0,0,0,0,0,21
816,816,Paul Davis,0,0,0,0,0,175
817,817,Michael Moore,0,0,0,0,0,209
818,818,John Wilson,0,0,0,0,0,201
819,819,Brian Johnson,0,0,0,0,0,202
820,820,Robert Martinez,0,0,0,0,0,155
821,821,William Williams,0,0,0,0,0,284
822,822,Robert Brown,136,10,13,1,9,62
823,823,Daniel Rodriguez,0,0,0,0,0,190
824,824,Eric Jones,97,1,9,0,6,24
825,825,Brandon Hernandez,0,0,0,0,0,196
826,826,Daniel Wilson,0,0,0,0,0,47
827,827,Kevin Garcia,0,0,0,0,0,198
828,828,Chris Garcia,0,0,0,0,0,26
829,829,William Taylor,0,0,0,0,0,37
830,830,Mark Lopez,0,0,0,0,0,68
831,831,Mark Moore,107,66,1,0,24,67
832,832,Eric Williams,582,7,14,2,18,115
833,833,James Johnson,0,0,0,0,0,46
834,834,Justin Jones,0,0,0,0,0,150
835,835,David Wilson,0,0,0,0,0,175
836,836,Robert Moore,0,0,0,0,0,61
837,837,David Miller,0,0,0,0,0,132
838,838,Chris Thomas,410,11,21,3,80,171
839,839,Jason Wilson,0,0,0,0,0,44
840,840,James Thomas,645,79,2,2,174,173
841,841,Andrew Taylor,0,0,0,0,0,65
842,842,Eric Hernandez,38,0,3,0,6,15
843,843,Joshua Taylor,0,0,0,0,0,95
844,844,Joshua Jackson,42,0,2,0,6,9
845,845,Brandon Miller,0,0,0,0,0,113
846,846,John Lopez,825,152,1,4,83,162
847,847,William Brown,551,92,0,4,73,123
848,848,Chris Garcia,1039,15,41,6,99,173
849,849,David Williams,0,0,0,0,0,124
850,850,Kevin Hernandez,707,10,15,4,61,94
851,851,Michael Jones,106,1,25,2,19,63
852,852,Brian Davis,0,0,0,0,0,75
853,853,Kevin Davis,819,15,59,1,27,171
854,854,Kevin Taylor,0,0,0,0,0,77
855,855,Michael Smith,0,0,0,0,0,141
856,856,John Brown,0,0,0,0,0,212
857,857,Daniel Hernandez,0,0,0,0,0,165
858,858,Eric Davis,0,0,0,0,0,188
859,859,Daniel Taylor,597,19,14,6,59,102
860,860,Brian Williams,318,7,7,4,23,55
861,861,Jason Taylor,104,2,8,2,20,34
862,862,Justin Martin,0,0,0,0,0,218
863,863,Justin Taylor,0,0,0,0,0,202
864,864,Mark Hernandez,315,17,22,1,15,170
865,865,Daniel Johnson,0,0,0,0,0,94
866,866,Anthony Williams,0,0,0,0,0,24
867,867,Daniel Hernandez,0,0,0,0,0,105
868,868,David Jackson,0,0,0,0,0,223
869,869,Michael Rodriguez,0,0,0,0,0,253
870,870,Ryan Johnson,0,0,0,0,0,107
871,871,Anthony Jones,106,47,2,2,38,63
872,872,Kevin Miller,88,4,4,0,8,31
873,873,Eric Davis,335,23,27,10,26,140
874,874,Brandon Jackson,0,0,0,0,0,147
875,875,John Hernandez,0,0,0,0,0,60
876,876,Ryan Martinez,0,0,0,0,0,47
877,877,James Anderson,34,1,2,0,3,12
878,878,Robert Smith,0,0,0,0,0,210
879,879,Eric Williams,0,0,0,0,0,209
880,880,Eric Miller,789,33,45,6,72,186
881,881,Mark Martinez,0,0,0,0,0,126
882,882,William Miller,0,0,0,0,0,53
883,883,Anthony Gonzalez,0,0,0,0,0,206
884,884,Eric Lopez,813,22,39,13,63,180
885,885,Robert Rodriguez,0,0,0,0,0,72
886,886,John Martin,0,0,0,0,0,279
887,887,Brandon Jackson,0,0,0,0,0,154
888,888,John Davis,591,15,10,3,43,85
889,889,Mark Wilson,0,0,0,0,0,114
890,890,Ryan Martin,0,0,0,0,0,41
891,891,John Gonzalez,0,0,0,0,0,31
892,892,Jason Thomas,0,0,0,0,0,241
893,893,Michael Miller,224,0,11,0,18,40
894,894,Ryan Anderson,0,0,0,0,0,51
895,895,Robert Smith,0,0,0,0,0,29
896,896,James Wilson,0,0,0,0,0,147
897,897,Joshua Rodriguez,0,0,0,0,0,123
898,898,Jason Wilson,244,9,5,2,24,45
899,899,Brian Taylor,0,0,0,0,0,11
900,900,Paul Moore,0,0,0,0,0,121
901,901,Daniel Miller,0,0,0,0,0,93
902,902,Mark Hernandez,0,0,0,0,0,51
903,903,Brian Garcia,0,0,0,0,0,177
904,904,Kevin Davis,397,29,30,10,22,152
905,905,Justin Williams,846,3,24,0,21,126
906,906,Mark Davis,899,6,52,5,31,175
907,907,Joshua Smith,0,0,0,0,0,178
908,908,Andrew Williams,0,0,0,0,0,97
909,909,Robert Anderson,0,0,0,0,0,223
910,910,Eric Anderson,1260,9,39,4,113,194
911,911,Joshua Garcia,0,0,0,0,0,129
912,912,Justin Hernandez,0,0,0,0,0,205
913,913,Brandon Wilson,0,0,0,0,0,166
914,914,Anthony Jackson,423,0,23,2,33,198
915,915,Michael Jones,519,1,26,1,28,78
916,916,Chris Gonzalez,0,0,0,0,0,170
917,917,Robert Brown,0,0,0,0,0,184
918,918,Eric Brown,0,0,0,0,0,20
919,919,Daniel Garcia,194,33,29,15,10,188
920,920,Ryan Moore,0,0,0,0,0,126
921,921,Kevin Jackson,0,0,0,0,0,37
922,922,Kevin Johnson,0,0,0,0,0,82
923,923,David Garcia,0,0,0,0,0,214
924,924,Daniel Martin,0,0,0,0,0,51
925,925,John Jackson,0,0,0,0,0,61
926,926,Kevin Jackson,0,0,0,0,0,75
927,927,Ryan Gonzalez,0,0,0,0,0,78
928,928,James Martinez,647,96,2,1,96,140
929,929,Eric Martinez,0,0,0,0,0,49
930,930,Anthony Williams,0,0,0,0,0,35
931,931,Brian Taylor,0,0,0,0,0,215
932,932,Chris Jones,0,0,0,0,0,135
933,933,Chris Taylor,0,0,0,0,0,140
934,934,Brian Hernandez,248,5,8,0,31,43
935,935,Justin Williams,0,0,0,0,0,16
936,936,Paul Williams,989,16,47,4,67,174
937,937,Robert Gonzalez,0,0,0,0,0,179
938,938,Chris Jackson,0,0,0,0,0,83
939,939,Daniel Anderson,0,0,0,0,0,234
940,940,Eric Johnson,992,15,67,0,70,177
941,941,Joshua Anderson,25,1,3,0,2,14
942,942,William Smith,0,0,0,0,0,96
943,943,Jason Taylor,0,0,0,0,0,17
944,944,Eric Thomas,0,0,0,0,0,72
945,945,Chris Lopez,0,0,0,0,0,48
946,946,Brian Jackson,1411,29,36,4,218,214
947,947,Chris Taylor,0,0,0,0,0,195
948,948,William Davis,0,0,0,0,0,108
949,949,Eric Smith,0,0,0,0,0,146
950,950,Kevin Jones,343,70,2,3,51,80
951,951,Michael Rodriguez,562,23,14,1,53,116
952,952,James Brown,445,14,13,5,43,130
953,953,Jason Johnson,0,0,0,0,0,257
954,954,William Smith,92,30,2,1,26,34
955,955,Daniel Garcia,1688,44,50,9,263,201
956,956,Joshua Lopez,0,0,0,0,0,155
957,957,Ryan Garcia,0,0,0,0,0,8
958,958,Paul Gonzalez,0,0,0,0,0,16
959,959,Anthony Garcia,0,0,0,0,0,214
960,960,Robert Jackson,0,0,0,0,0,55
961,961,Kevin Moore,0,0,0,0,0,213
962,962,Brandon Rodriguez,94,15,3,1,31,47
963,963,Paul Davis,0,0,0,0,0,158
964,964,Andrew Garcia,0,0,0,0,0,131
965,965,Brian Smith,0,0,0,0,0,167
966,966,Eric Williams,0,0,0,0,0,37
967,967,Chris Johnson,1370,26,10,5,161,157
968,968,Chris Wilson,0,0,0,0,0,81
969,969,Chris Johnson,0,0,0,0,0,179
970,970,Jason Wilson,0,0,0,0,0,115
971,971,Brian Garcia,0,0,0,0,0,39
972,972,John Gonzalez,0,0,0,0,0,91
973,973,Justin Jones,357,5,8,1,54,65
974,974,James Brown,49,6,0,0,19,14
975,975,Andrew Davis,0,0,0,0,0,78
976,976,Jason Thomas,0,0,0,0,0,224
977,977,Eric Rodriguez,0,0,0,0,0,144
978,978,Andrew Martin,0,0,0,0,0,295
979,979,Eric Lopez,0,0,0,0,0,169
980,980,Eric Martinez,0,0,0,0,0,65
981,981,Justin Wilson,0,0,0,0,0,34
982,982,Daniel Hernandez,473,56,3,1,70,94
983,983,Paul Williams,0,0,0,0,0,132
984,984,Brian Martinez,0,0,0,0,0,109
985,985,Ryan Lopez,1036,110,2,5,133,183
986,986,Brian Johnson,86,2,4,0,12,19
987,987,Brian Martin,0,0,0,0,0,137
988,988,Kevin Moore,160,3,15,0,37,58
989,989,Andrew Davis,12,1,1,0,1,7
990,990,Paul Jackson,0,0,0,0,0,141
991,991,Anthony Williams,210,9,31,8,11,131
992,992,Ryan Miller,0,0,0,0,0,187
993,993,Jason Garcia,1221,34,13,3,94,200
994,994,Brandon Jones,484,113,1,3,70,145
995,995,Anthony Garcia,0,0,0,0,0,196
996,996,Brian Anderson,0,0,0,0,0,20
997,997,Paul Taylor,212,9,23,3,16,131
998,998,Brandon Wilson,0,0,0,0,0,98
999,999,James Brown,175,2,24,4,54,118
1000,1000,Kevin Williams,0,0,0,0,0,162
1001,1001,William Garcia,630,105,2,2,234,132
1002,1002,Jason Moore,321,28,29,5,32,143
1003,1003,Daniel Martin,403,8,7,2,23,74
1004,1004,Michael Jackson,0,0,0,0,0,174
1005,1005,Mark Garcia,14,1,1,0,1,7
1006,1006,Ryan Moore,0,0,0,0,0,151
1007,1007,Justin Miller,57,0,5,0,4,14
1008,1008,Brandon Moore,0,0,0,0,0,27
1009,1009,William Thomas,629,14,42,7,48,190
1010,1010,Chris Martinez,1068,3,65,6,70,173
1011,1011,Joshua Thomas,0,0,0,0,0,57
1012,1012,Jason Thomas,1404,19,16,12,177,213
1013,1013,Kevin Wilson,0,0,0,0,0,54
1014,1014,Paul Anderson,1183,36,42,7,191,194
1015,1015,Andrew Garcia,0,0,0,0,0,61
1016,1016,John Johnson,0,0,0,0,0,294
1017,1017,Andrew Taylor,0,0,0,0,0,148
1018,1018,John Taylor,0,0,0,0,0,266
1019,1019,Chris Gonzalez,0,0,0,0,0,188
1020,1020,Mark Wilson,1174,30,42,11,110,184
1021,1021,Mark Martinez,0,0,0,0,0,135
1022,1022,Michael Taylor,0,0,0,0,0,172
1023,1023,James Brown,231,11,25,2,15,113
1024,1024,Mark Taylor,0,0,0,0,0,119
1025,1025,Michael Garcia,198,0,36,1,13,112
1026,1026,Ryan Moore,1080,23,24,9,45,200
1027,1027,Eric Johnson,629,119,0,2,78,132
1028,1028,James Brown,0,0,0,0,0,10
1029,1029,Chris Wilson,474,21,13,4,21,129
1030,1030,Brandon Williams,819,27,12,9,68,170
1031,1031,William Martin,0,0,0,0,0,161
1032,1032,Brandon Anderson,88,5,10,4,7,60
1033,1033,Paul Jackson,0,0,0,0,0,133
1034,1034,William Hernandez,0,0,0,0,0,64
1035,1035,Kevin Miller,577,9,11,2,85,73
1036,1036,Robert Gonzalez,1110,163,1,1,191,197
1037,1037,Paul Williams,0,0,0,0,0,109
1038,1038,Brandon Anderson,0,0,0,0,0,125
1039,1039,David Martinez,145,4,7,2,12,28
1040,1040,Joshua Anderson,148,4,6,1,14,41
1041,1041,Brandon Smith,173,4,12,5,15,60
1042,1042,Anthony Davis,546,30,26,8,45,188
1043,1043,David Hernandez,582,17,42,11,50,191
1044,1044,William Moore,0,0,0,0,0,203
1045,1045,Paul Gonzalez,181,4,6,2,34,41
1046,1046,Robert Hernandez,64,3,4,0,4,16
1047,1047,Kevin Rodriguez,0,0,0,0,0,121
1048,1048,Anthony Davis,28,0,6,0,9,25
1049,1049,Mark Johnson,719,8,14,4,63,103
1050,1050,Ryan Anderson,0,0,0,0,0,218
1051,1051,Chris Wilson,0,0,0,0,0,196
1052,1052,James Williams,133,47,1,1,32,61
1053,1053,Daniel Davis,0,0,0,0,0,199
1054,1054,David Smith,89,2,17,1,27,44
1055,1055,Paul Anderson,0,0,0,0,0,121
1056,1056,James Hernandez,0,0,0,0,0,41
1057,1057,Joshua Smith,770,12,36,2,62,148
1058,1058,John Moore,689,2,25,1,31,132
1059,1059,John Garcia,0,0,0,0,0,199
1060,1060,Daniel Jackson,336,17,19,1,27,102
1061,1061,David Anderson,0,0,0,0,0,206
1062,1062,Mark Johnson,0,0,0,0,0,37
1063,1063,Brian Miller,0,0,0,0,0,220
1064,1064,Justin Taylor,0,0,0,0,0,216
1065,1065,Chris Thomas,0,0,0,0,0,165
1066,1066,Justin Moore,0,0,0,0,0,82
1067,1067,David Davis,776,26,23,16,32,216
1068,1068,Brian Wilson,192,6,12,1,16,48
1069,1069,James Rodriguez,908,4,21,5,35,133
1070,1070,Ryan Johnson,0,0,0,0,0,41
1071,1071,Paul Moore,186,25,0,2,53,53
1072,1072,Michael Wilson,0,0,0,0,0,132
1073,1073,Jason Johnson,0,0,0,0,0,130
1074,1074,Brandon Brown,1563,25,44,12,287,212
1075,1075,Mark Williams,0,0,0,0,0,41
1076,1076,Mark Martin,0,0,0,0,0,215
1077,1077,John Moore,0,0,0,0,0,204
1078,1078,Andrew Johnson,192,10,11,1,16,95
1079,1079,Paul Hernandez,0,0,0,0,0,101
1080,1080,Jason Garcia,0,0,0,0,0,55
1081,1081,Jason Moore,0,0,0,0,0,195
1082,1082,David Brown,0,0,0,0,0,33
1083,1083,Jason Miller,0,0,0,0,0,127
1084,1084,James Smith,0,0,0,0,0,202
1085,1085,Joshua Martinez,461,155,1,6,76,196
1086,1086,Kevin Jackson,325,1,14,2,10,59
1087,1087,Mark Miller,0,0,0,0,0,99
1088,1088,Brian Smith,0,0,0,0,0,222
1089,1089,Anthony Martin,1339,29,27,7,171,154
1090,1090,Anthony Garcia,95,12,1,0,38,18
1091,1091,Chris Gonzalez,0,0,0,0,0,181
1092,1092,Robert Brown,518,12,21,3,73,101
1093,1093,John Rodriguez,0,0,0,0,0,141
1094,1094,David Thomas,0,0,0,0,0,50
1095,1095,Mark Gonzalez,457,8,22,1,69,95
1096,1096,William Lopez,328,8,4,0,60,50
1097,1097,Anthony Anderson,978,4,30,0,53,165
1098,1098,William Gonzalez,740,18,27,6,103,139
1099,1099,Mark Moore,1724,26,26,1,341,204
1100,1100,Daniel Garcia,0,0,0,0,0,92
1101,1101,Michael Gonzalez,0,0,0,0,0,216
1102,1102,William Johnson,0,0,0,0,0,110
1103,1103,Brian Jackson,508,7,13,1,96,66
1104,1104,Ryan Martin,106,8,10,3,7,45
1105,1105,Chris Smith,0,0,0,0,0,158
1106,1106,Eric Miller,0,0,0,0,0,177
1107,1107,Robert Jackson,0,0,0,0,0,73
1108,1108,Brian Moore,0,0,0,0,0,98
1109,1109,Eric Garcia,0,0,0,0,0,13
1110,1110,William Smith,0,0,0,0,0,88
1111,1111,Ryan Garcia,0,0,0,0,0,39
1112,1112,Daniel Williams,0,0,0,0,0,93
1113,1113,Michael Jones,0,0,0,0,0,146
1114,1114,James Jones,0,0,0,0,0,83
1115,1115,David Davis,0,0,0,0,0,20
1116,1116,Robert Gonzalez,962,19,20,2,101,112
1117,1117,Chris Johnson,0,0,0,0,0,201
1118,1118,Jason Davis,92,0,4,0,12,20
1119,1119,Ryan Jackson,0,0,0,0,0,13
1120,1120,John Moore,763,13,49,3,28,142
1121,1121,Ryan Miller,0,0,0,0,0,29
1122,1122,Joshua Taylor,0,0,0,0,0,127
1123,1123,Kevin Jones,0,0,0,0,0,52
1124,1124,James Brown,0,0,0,0,0,212
1125,1125,Ryan Jones,0,0,0,0,0,213
1126,1126,Anthony Davis,0,0,0,0,0,187
1127,1127,Paul Lopez,0,0,0,0,0,32
1128,1128,Kevin Wilson,0,0,0,0,0,186
1129,1129,William Gonzalez,0,0,0,0,0,180
1130,1130,Kevin Anderson,63,2,6,0,7,26
1131,1131,Justin Martinez,0,0,0,0,0,224
1132,1132,Paul Johnson,0,0,0,0,0,207
1133,1133,Eric Gonzalez,0,0,0,0,0,63
1134,1134,Paul Wilson,0,0,0,0,0,23
1135,1135,Eric Garcia,0,0,0,0,0,207
1136,1136,John Martinez,0,0,0,0,0,119
1137,1137,Brandon Rodriguez,1067,22,26,2,191,138
1138,1138,Joshua Lopez,623,74,1,5,175,184
1139,1139,Robert Moore,0,0,0,0,0,268
1140,1140,Mark Martin,670,29,1,5,147,131
1141,1141,Robert Garcia,0,0,0,0,0,86
1142,1142,Andrew Wilson,0,0,0,0,0,112
1143,1143,Andrew Jackson,0,0,0,0,0,21
1144,1144,Jason Gonzalez,0,0,0,0,0,23
1145,1145,Chris Anderson,164,11,14,0,13,121
1146,1146,David Anderson,0,0,0,0,0,32
1147,1147,Paul Gonzalez,0,0,0,0,0,123
1148,1148,David Smith,0,0,0,0,0,192
1149,1149,Eric Brown,249,8,6,0,38,28
1150,1150,Jason Wilson,0,0,0,0,0,52
1151,1151,Andrew Gonzalez,0,0,0,0,0,13
1152,1152,Andrew Wilson,214,4,10,2,37,95
1153,1153,Anthony Smith,869,125,0,2,298,160
1154,1154,Brian Rodriguez,0,0,0,0,0,160
1155,1155,Robert Jones,0,0,0,0,0,119
1156,1156,Joshua Brown,0,0,0,0,0,153
1157,1157,Jason Lopez,0,0,0,0,0,204
1158,1158,Michael Brown,423,20,14,7,33,113
1159,1159,Joshua Jackson,229,135,3,5,52,152
1160,1160,Chris Anderson,0,0,0,0,0,188
1161,1161,William Thomas,509,27,25,15,29,222
1162,1162,Ryan Williams,176,55,3,3,37,104
1163,1163,Kevin Hernandez,848,31,28,5,63,157
1164,1164,Ryan Taylor,0,0,0,0,0,113
1165,1165,Brandon Jackson,978,18,11,0,103,118
1166,1166,Justin Thomas,0,0,0,0,0,155
1167,1167,Mark Lopez,0,0,0,0,0,222
1168,1168,Brandon Davis,0,0,0,0,0,183
1169,1169,James Gonzalez,0,0,0,0,0,109
1170,1170,Mark Davis,0,0,0,0,0,63
1171,1171,Michael Gonzalez,0,0,0,0,0,24
1172,1172,Joshua Rodriguez,133,4,3,0,11,21
1173,1173,Chris Martin,0,0,0,0,0,94
1174,1174,Michael Williams,480,8,9,1,25,76
1175,1175,Brandon Williams,480,36,48,0,42,199
1176,1176,Paul Jones,549,16,23,3,33,119
1177,1177,James Rodriguez,500,6,11,0,24,91
1178,1178,James Miller,247,80,1,5,88,160
1179,1179,Andrew Brown,497,8,29,1,49,100
1180,1180,Michael Miller,328,7,30,3,15,75
1181,1181,Chris Martin,820,22,11,3,112,111
1182,1182,Justin Martinez,0,0,0,0,0,42
1183,1183,Daniel Jackson,0,0,0,0,0,210
1184,1184,James Moore,397,77,0,5,130,161
1185,1185,James Smith,219,9,44,0,63,112
1186,1186,Justin Thomas,0,0,0,0,0,58
1187,1187,Robert Moore,0,0,0,0,0,111
1188,1188,Kevin Thomas,266,6,17,1,16,85
1189,1189,Daniel Johnson,0,0,0,0,0,57
1190,1190,Anthony Martinez,0,0,0,0,0,139
1191,1191,Anthony Gonzalez,0,0,0,0,0,36
1192,1192,William Johnson,0,0,0,0,0,79
1193,1193,Joshua Hernandez,218,6,4,2,19,37
1194,1194,Chris Johnson,0,0,0,0,0,129
1195,1195,William Wilson,0,0,0,0,0,144
1196,1196,James Hernandez,0,0,0,0,0,201
1197,1197,David Jackson,0,0,0,0,0,89
1198,1198,James Smith,0,0,0,0,0,27
1199,1199,Daniel Lopez,0,0,0,0,0,281
1200,1200,Andrew Jones,0,0,0,0,0,89
1201,1201,Paul Taylor,204,4,16,1,7,52
1202,1202,Chris Taylor,830,14,36,3,49,198
1203,1203,James Jackson,264,22,27,4,17,156
1204,1204,Kevin Anderson,726,19,21,4,62,198
1205,1205,John Johnson,0,0,0,0,0,163
1206,1206,Paul Smith,0,0,0,0,0,267
1207,1207,Eric Brown,0,0,0,0,0,14
1208,1208,Eric Lopez,0,0,0,0,0,220
1209,1209,Brandon Wilson,0,0,0,0,0,123
1210,1210,Chris Hernandez,208,6,10,3,28,71
1211,1211,William Rodriguez,0,0,0,0,0,123
1212,1212,Paul Rodriguez,0,0,0,0,0,56
1213,1213,Eric Jackson,220,47,0,1,29,82
1214,1214,Kevin Thomas,0,0,0,0,0,47
1215,1215,John Jones,0,0,0,0,0,13
1216,1216,Brandon Williams,0,0,0,0,0,113
1217,1217,Daniel Jackson,477,12,36,3,57,176
1218,1218,Mark Davis,0,0,0,0,0,167
1219,1219,Andrew Thomas,0,0,0,0,0,182
1220,1220,Paul Martin,0,0,0,0,0,103
1221,1221,Brian Thomas,1467,20,26,2,122,224
1222,1222,David Gonzalez,0,0,0,0,0,209
1223,1223,William Jones,0,0,0,0,0,47
1224,1224,James Martin,635,35,3,3,140,162
1225,1225,Anthony Brown,0,0,0,0,0,97
1226,1226,William Anderson,0,0,0,0,0,110
1227,1227,Daniel Moore,0,0,0,0,0,69
1228,1228,Daniel Davis,0,0,0,0,0,85
1229,1229,Mark Smith,78,2,3,1,7,18
1230,1230,Jason Davis,0,0,0,0,0,22
1231,1231,Chris Johnson,160,5,9,1,29,57
1232,1232,Jason Martinez,0,0,0,0,0,205
1233,1233,Daniel Garcia,0,0,0,0,0,144
1234,1234,Justin Smith,0,0,0,0,0,57
1235,1235,Andrew Williams,0,0,0,0,0,140
1236,1236,James Hernandez,929,11,42,4,69,136
1237,1237,Joshua Lopez,0,0,0,0,0,134
1238,1238,Andrew Smith,0,0,0,0,0,147
1239,1239,Michael Smith,391,21,21,7,38,115
1240,1240,James Davis,0,0,0,0,0,30
1241,1241,Joshua Anderson,0,0,0,0,0,224
1242,1242,Brandon Brown,0,0,0,0,0,52
1243,1243,Eric Gonzalez,80,2,6,0,9,38
1244,1244,Ryan Rodriguez,0,0,0,0,0,32
1245,1245,William Johnson,0,0,0,0,0,223
1246,1246,Chris Garcia,0,0,0,0,0,219
1247,1247,John Williams,0,0,0,0,0,256
1248,1248,Justin Martinez,96,3,6,0,16,36
1249,1249,Justin Thomas,0,0,0,0,0,66
1250,1250,Brian Johnson,101,35,3,0,18,49
1251,1251,Mark Gonzalez,457,6,29,6,111,177
1252,1252,Michael Garcia,0,0,0,0,0,35
1253,1253,James Garcia,0,0,0,0,0,99
1254,1254,Ryan Garcia,0,0,0,0,0,79
1255,1255,Justin Martinez,203,5,2,0,21,25
1256,1256,Brandon Martinez,315,19,45,4,122,190
1257,1257,Anthony Lopez,0,0,0,0,0,49
1258,1258,Michael Anderson,224,1,13,0,12,40
1259,1259,Ryan Davis,0,0,0,0,0,81
1260,1260,James Wilson,0,0,0,0,0,88
1261,1261,Eric Williams,1136,30,34,7,217,136
1262,1262,Brian Davis,0,0,0,0,0,93
1263,1263,Michael Martin,0,0,0,0,0,108
1264,1264,Andrew Thomas,1729,53,45,10,231,222
1265,1265,Daniel Wilson,0,0,0,0,0,131
1266,1266,Mark Davis,0,0,0,0,0,217
1267,1267,Andrew Rodriguez,0,0,0,0,0,90
1268,1268,Brandon Miller,0,0,0,0,0,127
1269,1269,Paul Smith,0,0,0,0,0,209
1270,1270,John Lopez,0,0,0,0,0,186
1271,1271,Daniel Davis,712,85,3,7,96,198
1272,1272,Robert Moore,449,8,15,5,33,71
1273,1273,Brian Rodriguez,0,0,0,0,0,129
1274,1274,James Thomas,714,13,23,6,93,179
1275,1275,Chris Jones,51,6,1,0,13,19
1276,1276,Joshua Wilson,732,0,57,5,63,180
1277,1277,Kevin Martin,0,0,0,0,0,47
1278,1278,Mark Anderson,261,0,34,0,74,149
1279,1279,James Garcia,282,10,59,3,41,153
1280,1280,Eric Gonzalez,0,0,0,0,0,207
1281,1281,Robert Moore,455,16,26,1,24,122
1282,1282,David Thomas,1252,28,23,8,163,160
1283,1283,Robert Hernandez,0,0,0,0,0,12
1284,1284,William Lopez,169,5,13,5,16,60
1285,1285,Paul Jackson,0,0,0,0,0,138
1286,1286,Eric Thomas,0,0,0,0,0,160
1287,1287,Kevin Lopez,0,0,0,0,0,48
1288,1288,Daniel Garcia,0,0,0,0,0,61
1289,1289,Daniel Smith,835,14,21,1,49,180
1290,1290,Anthony Thomas,546,15,30,0,75,124
1291,1291,Jason Smith,1316,24,26,4,153,158
1292,1292,Robert Jones,471,5,20,5,39,136
1293,1293,Anthony Martin,101,7,6,2,7,35
1294,1294,Michael Hernandez,0,0,0,0,0,134
1295,1295,Ryan Thomas,0,0,0,0,0,181
1296,1296,John Garcia,509,9,22,0,80,126
1297,1297,Mark Martin,0,0,0,0,0,62
1298,1298,Chris Lopez,88,16,2,0,30,34
1299,1299,Justin Hernandez,0,0,0,0,0,78
1300,1300,James Jackson,0,0,0,0,0,166
1301,1301,Mark Hernandez,0,0,0,0,0,78
1302,1302,Robert Thomas,241,54,0,1,67,58
1303,1303,James Lopez,616,33,1,2,85,127
1304,1304,Chris Martinez,0,0,0,0,0,48
1305,1305,Paul Brown,0,0,0,0,0,200
1306,1306,Paul Davis,0,0,0,0,0,214
1307,1307,Andrew Jackson,93,31,1,1,10,34
1308,1308,Chris Rodriguez,0,0,0,0,0,183
1309,1309,Chris Rodriguez,74,5,22,1,36,59
1310,1310,James Rodriguez,0,0,0,0,0,211
1311,1311,Eric Thomas,0,0,0,0,0,80
1312,1312,Jason Jones,307,28,23,4,12,203
1313,1313,Daniel Gonzalez,18,6,1,0,6,9
1314,1314,Robert Moore,0,0,0,0,0,117
1315,1315,Kevin Wilson,0,0,0,0,0,197
1316,1316,David Johnson,0,0,0,0,0,8
1317,1317,Joshua Williams,0,0,0,0,0,180
1318,1318,Joshua Jackson,704,18,12,5,49,148
1319,1319,John Wilson,0,0,0,0,0,168
1320,1320,Brandon Anderson,0,0,0,0,0,166
1321,1321,Joshua Rodriguez,0,0,0,0,0,78
1322,1322,Ryan Rodriguez,0,0,0,0,0,28
1323,1323,Anthony Thomas,0,0,0,0,0,62
1324,1324,Eric Hernandez,411,13,4,2,28,49
1325,1325,John Moore,0,0,0,0,0,147
1326,1326,Eric Martinez,0,0,0,0,0,14
1327,1327,James Taylor,0,0,0,0,0,195
1328,1328,Paul Garcia,0,0,0,0,0,25
1329,1329,Paul Brown,0,0,0,0,0,57
1330,1330,Kevin Gonzalez,0,0,0,0,0,17
1331,1331,Daniel Rodriguez,0,0,0,0,0,28
1332,1332,Ryan Jones,0,0,0,0,0,174
1333,1333,Justin Martinez,439,144,2,5,167,167
1334,1334,Daniel Jackson,223,4,22,3,26,91
1335,1335,Paul Williams,0,0,0,0,0,200
1336,1336,Jason Smith,0,0,0,0,0,89
1337,1337,Jason Wilson,0,0,0,0,0,219
1338,1338,Mark Gonzalez,0,0,0,0,0,216
1339,1339,Anthony Brown,0,0,0,0,0,201
1340,1340,Chris Williams,540,10,50,0,17,133
1341,1341,Brian Lopez,71,2,2,1,6,16
1342,1342,Anthony Davis,0,0,0,0,0,209
1343,1343,Jason Martinez,143,1,6,1,7,42
1344,1344,Robert Thomas,0,0,0,0,0,220
1345,1345,Robert Martin,262,11,23,6,14,111
1346,1346,James Thomas,115,2,4,1,7,22
1347,1347,Anthony Thomas,379,8,11,3,30,92
1348,1348,Daniel Thomas,696,13,36,5,43,134
1349,1349,Eric Smith,0,0,0,0,0,69
1350,1350,Ryan Brown,0,0,0,0,0,195
1351,1351,David Thomas,563,135,0,2,174,153
1352,1352,William Brown,0,0,0,0,0,158
1353,1353,Kevin Garcia,0,0,0,0,0,112
1354,1354,Brandon Martinez,0,0,0,0,0,63
1355,1355,Mark Rodriguez,529,58,3,0,188,95
1356,1356,Michael Anderson,60,1,2,0,3,18
1357,1357,David Johnson,394,18,20,1,24,91
1358,1358,David Garcia,810,27,25,0,57,100
1359,1359,Paul Anderson,0,0,0,0,0,69
1360,1360,Jason Williams,535,17,12,2,63,89
1361,1361,Mark Gonzalez,145,8,47,2,68,142
1362,1362,Brian Martin,0,0,0,0,0,94
1363,1363,Michael Brown,0,0,0,0,0,136
1364,1364,Andrew Anderson,369,4,20,2,32,54
1365,1365,Brian Hernandez,0,0,0,0,0,133
1366,1366,Brian Gonzalez,0,0,0,0,0,94
1367,1367,Brandon Gonzalez,0,0,0,0,0,15
1368,1368,Andrew Brown,232,3,6,1,23,38
1369,1369,Brian Miller,1079,32,27,4,92,194
1370,1370,Michael Smith,647,18,10,0,27,142
1371,1371,Mark Miller,92,2,4,0,7,22
1372,1372,William Smith,495,4,13,3,51,85
1373,1373,Brian Martin,0,0,0,0,0,199
1374,1374,John Jackson,180,44,1,0,38,170
1375,1375,Daniel Miller,330,1,14,1,23,58
1376,1376,Robert Martin,0,0,0,0,0,132
1377,1377,Joshua Gonzalez,169,0,5,1,10,31
1378,1378,James Anderson,0,0,0,0,0,126
1379,1379,Brandon Brown,1278,30,33,6,75,201
1380,1380,Jason Garcia,220,42,0,1,46,158
1381,1381,Michael Miller,194,4,7,0,19,52
1382,1382,David Martinez,0,0,0,0,0,35
1383,1383,Robert Smith,156,5,7,3,8,56
1384,1384,Mark Jones,278,7,9,2,50,38
1385,1385,Ryan Rodriguez,358,1,30,4,41,138
1386,1386,Joshua Moore,341,11,37,3,51,117
1387,1387,William Davis,0,0,0,0,0,73
1388,1388,Ryan Martinez,645,17,27,1,59,127
1389,1389,Justin Lopez,571,31,31,6,43,155
1390,1390,Chris Rodriguez,0,0,0,0,0,140
1391,1391,Chris Martinez,145,4,4,1,6,32
1392,1392,Robert Rodriguez,189,4,9,0,36,54
1393,1393,Eric Garcia,0,0,0,0,0,273
1394,1394,Anthony Martinez,0,0,0,0,0,133
1395,1395,Mark Thomas,164,40,2,3,35,86
1396,1396,Kevin Hernandez,0,0,0,0,0,44
1397,1397,Michael Williams,0,0,0,0,0,119
1398,1398,Kevin Johnson,296,23,30,4,23,196
1399,1399,Eric Martinez,0,0,0,0,0,7
1400,1400,Robert Williams,170,5,27,2,11,76
1401,1401,Joshua Garcia,0,0,0,0,0,145
1402,1402,John Brown,0,0,0,0,0,186
1403,1403,Jason Miller,0,0,0,0,0,53
1404,1404,Michael Rodriguez,0,0,0,0,0,138
1405,1405,Paul Hernandez,0,0,0,0,0,204
1406,1406,James Miller,0,0,0,0,0,223
1407,1407,William Gonzalez,518,12,23,5,18,117
1408,1408,Daniel Smith,0,0,0,0,0,254
1409,1409,Kevin Hernandez,189,101,0,0,29,119
1410,1410,Anthony Garcia,0,0,0,0,0,221
1411,1411,Joshua Anderson,0,0,0,0,0,88
1412,1412,Michael Miller,0,0,0,0,0,195
1413,1413,John Garcia,0,0,0,0,0,196
1414,1414,James Williams,0,0,0,0,0,61
1415,1415,David Wilson,0,0,0,0,0,45
1416,1416,Justin Smith,518,78,0,3,55,177
1417,1417,James Wilson,610,117,2,5,91,128
1418,1418,Ryan Jackson,522,11,21,3,27,115
1419,1419,Chris Moore,0,0,0,0,0,163
1420,1420,Joshua Lopez,0,0,0,0,0,108
1421,1421,Chris Jackson,0,0,0,0,0,188
1422,1422,William Jackson,431,38,43,4,37,206
1423,1423,Daniel Wilson,912,7,20,4,35,146
1424,1424,Brian Thomas,0,0,0,0,0,125
1425,1425,David Anderson,45,1,3,0,8,12
1426,1426,Michael Williams,0,0,0,0,0,205
1427,1427,Mark Wilson,0,0,0,0,0,113
1428,1428,Paul Martin,0,0,0,0,0,90
1429,1429,Andrew Davis,235,37,40,16,9,196
1430,1430,Joshua Jones,123,45,2,1,43,67
1431,1431,William Thomas,0,0,0,0,0,170
1432,1432,Anthony Williams,0,0,0,0,0,118
1433,1433,Robert Williams,180,61,2,0,58,67
1434,1434,Chris Lopez,0,0,0,0,0,98
1435,1435,Justin Wilson,1055,31,31,1,95,143
1436,1436,Andrew Wilson,0,0,0,0,0,95
1437,1437,Brian Johnson,1129,33,30,5,52,138
1438,1438,Daniel Williams,0,0,0,0,0,71
1439,1439,Paul Moore,613,17,14,0,56,107
1440,1440,William Davis,0,0,0,0,0,143
1441,1441,Eric Garcia,205,4,17,1,32,68
1442,1442,Michael Anderson,0,0,0,0,0,104
1443,1443,Brandon Wilson,0,0,0,0,0,222
1444,1444,Mark Wilson,889,34,26,14,49,179
1445,1445,Brian Martinez,582,15,19,4,20,184
1446,1446,Andrew Anderson,0,0,0,0,0,63
1447,1447,David Hernandez,143,4,3,1,8,18
1448,1448,James Davis,111,3,4,1,14,25
1449,1449,Brandon Garcia,311,9,7,1,28,60
1450,1450,William Taylor,0,0,0,0,0,101
1451,1451,Michael Hernandez,0,0,0,0,0,131
1452,1452,Kevin Anderson,0,0,0,0,0,105
1453,1453,Michael Lopez,0,0,0,0,0,105
1454,1454,Kevin Johnson,0,0,0,0,0,261
1455,1455,Daniel Martin,0,0,0,0,0,273
1456,1456,Daniel Wilson,515,8,13,4,39,73
1457,1457,James Wilson,0,0,0,0,0,209
1458,1458,Joshua Martinez,0,0,0,0,0,222
1459,1459,Mark Martin,0,0,0,0,0,68
1460,1460,Jason Garcia,0,0,0,0,0,111
1461,1461,Brian Davis,234,39,2,2,32,139
1462,1462,William Gonzalez,0,0,0,0,0,59
1463,1463,Joshua Brown,0,0,0,0,0,235
1464,1464,William Martinez,0,0,0,0,0,94
1465,1465,William Garcia,0,0,0,0,0,32
1466,1466,David Garcia,359,5,21,1,62,102
1467,1467,Daniel Johnson,1367,23,40,11,216,219
1468,1468,John Moore,362,12,8,5,25,91
1469,1469,Mark Jones,0,0,0,0,0,86
1470,1470,James Wilson,0,0,0,0,0,273
1471,1471,Joshua Martinez,580,10,16,9,35,111
1472,1472,Brian Smith,0,0,0,0,0,154
1473,1473,Joshua Jackson,0,0,0,0,0,162
1474,1474,Robert Johnson,0,0,0,0,0,135
1475,1475,Eric Wilson,0,0,0,0,0,69
1476,1476,Andrew Rodriguez,0,0,0,0,0,142
1477,1477,Brandon Anderson,1298,17,33,0,57,189
1478,1478,Chris Moore,0,0,0,0,0,53
1479,1479,Mark Williams,0,0,0,0,0,162
1480,1480,John Jackson,0,0,0,0,0,101
1481,1481,Brandon Williams,294,7,7,2,27,44
1482,1482,Anthony Smith,1068,123,0,1,170,194
1483,1483,Jason Wilson,207,67,0,3,53,128
1484,1484,Mark Hernandez,0,0,0,0,0,64
1485,1485,Justin Jones,536,48,1,0,127,184
1486,1486,Daniel Jones,254,5,47,1,99,187
1487,1487,Mark Hernandez,0,0,0,0,0,97
1488,1488,John Hernandez,0,0,0,0,0,222
1489,1489,Michael Johnson,0,0,0,0,0,191
1490,1490,James Rodriguez,0,0,0,0,0,106
1491,1491,Mark Martinez,1049,29,49,12,97,199
1492,1492,Jason Wilson,0,0,0,0,0,98
1493,1493,William Brown,0,0,0,0,0,115
1494,1494,William Rodriguez,0,0,0,0,0,184
1495,1495,Mark Rodriguez,486,4,67,5,23,189
1496,1496,Mark Smith,0,0,0,0,0,197
1497,1497,Robert Jones,0,0,0,0,0,177
1498,1498,Justin Garcia,0,0,0,0,0,170
1499,1499,Anthony Gonzalez,0,0,0,0,0,137
1500,1500,Mark Brown,0,0,0,0,0,106
1501,1501,Brian Miller,0,0,0,0,0,172
1502,1502,Brian Taylor,1058,31,30,3,104,163
1503,1503,Robert Gonzalez,409,8,17,3,63,78
1504,1504,Anthony Wilson,0,0,0,0,0,25
1505,1505,Michael Taylor,0,0,0,0,0,69
1506,1506,Michael Moore,0,0,0,0,0,43
1507,1507,David Jones,175,38,1,0,30,40
1508,1508,Chris Garcia,0,0,0,0,0,207
1509,1509,Brandon Wilson,0,0,0,0,0,168
1510,1510,Eric Lopez,603,4,31,3,30,88
1511,1511,John Moore,0,0,0,0,0,109
1512,1512,Kevin Moore,236,103,0,3,74,126
1513,1513,James Garcia,63,2,2,0,5,11
1514,1514,Brandon Martin,787,5,30,4,26,123
1515,1515,John Jones,488,34,23,5,45,184
1516,1516,Paul Hernandez,0,0,0,0,0,171
1517,1517,Anthony Martinez,0,0,0,0,0,206
1518,1518,John Brown,0,0,0,0,0,106
1519,1519,William Davis,393,8,42,5,26,178
1520,1520,Paul Thomas,0,0,0,0,0,103
1521,1521,Brian Martinez,739,12,14,6,99,205
1522,1522,William Jackson,211,31,40,4,16,173
1523,1523,William Garcia,745,24,28,11,72,151
1524,1524,Chris Martinez,0,0,0,0,0,50
1525,1525,Eric Hernandez,526,59,3,4,144,100
1526,1526,Robert Johnson,42,1,1,0,2,10
1527,1527,Joshua Garcia,0,0,0,0,0,44
1528,1528,Jason Smith,417,2,37,1,31,107
1529,1529,David Wilson,0,0,0,0,0,17
1530,1530,Mark Martin,0,0,0,0,0,104
1531,1531,Brandon Rodriguez,0,0,0,0,0,43
1532,1532,Michael Miller,0,0,0,0,0,61
1533,1533,Kevin Johnson,0,0,0,0,0,56
1534,1534,Joshua Wilson,0,0,0,0,0,81
1535,1535,Robert Wilson,0,0,0,0,0,92
1536,1536,John Anderson,0,0,0,0,0,21
1537,1537,Andrew Rodriguez,371,16,18,9,34,122
1538,1538,Daniel Miller,0,0,0,0,0,114
1539,1539,Justin Miller,442,5,28,2,11,76
1540,1540,Joshua Gonzalez,0,0,0,0,0,252
1541,1541,Brian Martinez,0,0,0,0,0,22
1542,1542,William Moore,0,0,0,0,0,167
1543,1543,Eric Jones,0,0,0,0,0,244
1544,1544,Robert Martinez,445,66,1,2,145,99
1545,1545,Paul Williams,208,19,26,8,13,108
1546,1546,Ryan Anderson,594,88,2,1,151,113
1547,1547,Chris Jackson,0,0,0,0,0,126
1548,1548,Ryan Rodriguez,156,9,13,5,7,72
1549,1549,William Brown,0,0,0,0,0,160
1550,1550,James Moore,0,0,0,0,0,55
1551,1551,Daniel Thomas,0,0,0,0,0,13
1552,1552,Brandon Anderson,0,0,0,0,0,111
1553,1553,Robert Rodriguez,0,0,0,0,0,208
1554,1554,James Anderson,525,27,43,1,37,218
1555,1555,Paul Brown,886,22,17,4,83,127
1556,1556,Joshua Thomas,0,0,0,0,0,127
1557,1557,Robert Wilson,561,16,56,1,49,188
1558,1558,Ryan Moore,0,0,0,0,0,95
1559,1559,Jason Thomas,155,16,15,6,15,131
1560,1560,Justin Rodriguez,61,1,1,0,6,9
1561,1561,Anthony Smith,0,0,0,0,0,136
1562,1562,Joshua Martinez,0,0,0,0,0,140
1563,1563,David Jones,253,25,1,0,70,122
1564,1564,James Moore,0,0,0,0,0,69
1565,1565,Justin Davis,0,0,0,0,0,80
1566,1566,William Johnson,0,0,0,0,0,110
1567,1567,Paul Lopez,0,0,0,0,0,156
1568,1568,William Davis,0,0,0,0,0,8
1569,1569,Joshua Wilson,150,22,3,0,24,35
1570,1570,Brandon Wilson,0,0,0,0,0,198
1571,1571,Daniel Martin,375,1,16,0,34,86
1572,1572,Mark Johnson,92,1,5,0,12,23
1573,1573,Andrew Johnson,815,15,7,2,93,107
1574,1574,Joshua Jones,0,0,0,0,0,82
1575,1575,Justin Anderson,567,14,36,3,23,140
1576,1576,Anthony Martin,0,0,0,0,0,117
1577,1577,David Wilson,0,0,0,0,0,153
1578,1578,Eric Smith,0,0,0,0,0,138
1579,1579,Kevin Rodriguez,0,0,0,0,0,40
1580,1580,Brandon Davis,0,0,0,0,0,174
1581,1581,Robert Davis,278,3,54,3,28,152
1582,1582,Daniel Brown,733,20,17,3,45,119
1583,1583,Brian Hernandez,0,0,0,0,0,15
1584,1584,Ryan Martinez,0,0,0,0,0,106
1585,1585,David Rodriguez,0,0,0,0,0,46
1586,1586,David Taylor,109,1,7,1,5,25
1587,1587,Michael Jackson,0,0,0,0,0,56
1588,1588,William Smith,0,0,0,0,0,148
1589,1589,James Thomas,0,0,0,0,0,61
1590,1590,Ryan Rodriguez,29,1,3,0,4,12
1591,1591,Daniel Thomas,0,0,0,0,0,152
1592,1592,Brian Williams,835,5,37,1,40,132
1593,1593,Andrew Wilson,147,50,0,3,56,77
1594,1594,Michael Rodriguez,0,0,0,0,0,37
1595,1595,William Jackson,0,0,0,0,0,85
1596,1596,Paul Moore,0,0,0,0,0,29
1597,1597,David Miller,0,0,0,0,0,69
1598,1598,James Brown,0,0,0,0,0,30
1599,1599,Mark Garcia,0,0,0,0,0,64
1600,1600,Ryan Johnson,503,37,25,8,29,194
1601,1601,Paul Anderson,1113,132,2,5,262,194
1602,1602,Paul Gonzalez,0,0,0,0,0,128
1603,1603,John Rodriguez,0,0,0,0,0,44
1604,1604,Justin Anderson,447,6,13,1,82,60
1605,1605,Mark Miller,0,0,0,0,0,69
1606,1606,Mark Jones,0,0,0,0,0,174
1607,1607,Eric Lopez,339,15,45,3,21,172
1608,1608,William Anderson,0,0,0,0,0,269
1609,1609,William Johnson,0,0,0,0,0,217
1610,1610,Joshua Gonzalez,0,0,0,0,0,102
1611,1611,Eric Smith,261,16,2,1,53,73
1612,1612,Robert Gonzalez,0,0,0,0,0,10
1613,1613,Justin Jones,0,0,0,0,0,133
1614,1614,Brandon Davis,32,20,3,1,4,27
1615,1615,John Brown,397,15,30,3,99,171
1616,1616,Mark Martinez,0,0,0,0,0,51
1617,1617,Brandon Brown,0,0,0,0,0,122
1618,1618,John Davis,681,11,28,9,65,208
1619,1619,Chris Martin,880,26,13,2,131,130
1620,1620,Anthony Rodriguez,0,0,0,0,0,80
1621,1621,Michael Miller,218,68,0,2,49,128
1622,1622,David Davis,0,0,0,0,0,101
1623,1623,Kevin Brown,0,0,0,0,0,46
1624,1624,Mark Williams,623,135,0,4,150,199
1625,1625,Mark Taylor,0,0,0,0,0,17
1626,1626,Chris Anderson,434,11,10,3,21,141
1627,1627,James Gonzalez,0,0,0,0,0,293
1628,1628,Justin Anderson,529,0,42,2,45,105
1629,1629,Justin Brown,0,0,0,0,0,93
1630,1630,James Taylor,0,0,0,0,0,72
1631,1631,David Smith,1165,38,34,10,185,192
1632,1632,Ryan Rodriguez,0,0,0,0,0,118
1633,1633,Justin Gonzalez,0,0,0,0,0,180
1634,1634,Joshua Rodriguez,0,0,0,0,0,65
1635,1635,Chris Martin,0,0,0,0,0,185
1636,1636,Jason Wilson,181,2,16,0,93,143
1637,1637,Ryan Martin,493,58,2,1,162,137
1638,1638,William Davis,0,0,0,0,0,18
1639,1639,Paul Davis,0,0,0,0,0,142
1640,1640,Andrew Hernandez,919,15,27,11,138,205
1641,1641,Paul Wilson,0,0,0,0,0,187
1642,1642,Brandon Thomas,0,0,0,0,0,210
1643,1643,Eric Johnson,1025,22,32,13,69,211
1644,1644,Kevin Garcia,503,13,4,0,29,60
1645,1645,Brian Smith,0,0,0,0,0,123
1646,1646,Daniel Lopez,0,0,0,0,0,34
1647,1647,Justin Hernandez,0,0,0,0,0,189
1648,1648,Brandon Taylor,492,6,34,3,45,90
1649,1649,Joshua Smith,0,0,0,0,0,63
1650,1650,Kevin Williams,0,0,0,0,0,168
1651,1651,Ryan Taylor,99,12,1,1,13,26
1652,1652,Chris Garcia,0,0,0,0,0,199
1653,1653,Brian Lopez,622,65,2,2,107,152
1654,1654,Paul Brown,0,0,0,0,0,14
1655,1655,Kevin Martinez,199,13,16,1,16,74
1656,1656,Justin Garcia,214,6,17,0,20,95
1657,1657,Kevin Moore,0,0,0,0,0,149
1658,1658,Jason Garcia,243,14,25,5,22,160
1659,1659,Daniel Williams,231,4,25,6,29,115
1660,1660,John Johnson,547,17,30,12,46,219
1661,1661,Anthony Rodriguez,0,0,0,0,0,179
1662,1662,Michael Williams,0,0,0,0,0,192
1663,1663,Anthony Gonzalez,0,0,0,0,0,74
1664,1664,William Wilson,0,0,0,0,0,80
1665,1665,David Gonzalez,0,0,0,0,0,104
1666,1666,Robert Martinez,0,0,0,0,0,78
1667,1667,Brandon Taylor,0,0,0,0,0,64
1668,1668,Anthony Lopez,179,39,3,2,40,110
1669,1669,Kevin Gonzalez,0,0,0,0,0,129
1670,1670,Chris Moore,98,5,9,0,4,46
1671,1671,Kevin Garcia,0,0,0,0,0,69
1672,1672,Chris Lopez,203,72,2,2,59,177
1673,1673,Andrew Davis,0,0,0,0,0,300
1674,1674,Robert Miller,1003,26,32,4,73,177
1675,1675,Kevin Davis,0,0,0,0,0,53
1676,1676,William Jones,0,0,0,0,0,55
1677,1677,Robert Johnson,0,0,0,0,0,141
1678,1678,William Lopez,0,0,0,0,0,122
1679,1679,Jason Wilson,0,0,0,0,0,69
1680,1680,David Martin,0,0,0,0,0,11
1681,1681,Eric Brown,302,0,13,0,17,45
1682,1682,Justin Anderson,0,0,0,0,0,101
1683,1683,Brandon Rodriguez,0,0,0,0,0,111
1684,1684,Anthony Williams,0,0,0,0,0,105
1685,1685,Brandon Williams,177,56,0,1,43,114
1686,1686,Anthony Smith,0,0,0,0,0,76
1687,1687,Michael Johnson,0,0,0,0,0,96
1688,1688,Andrew Williams,0,0,0,0,0,13
1689,1689,Chris Moore,0,0,0,0,0,222
1690,1690,Chris Williams,0,0,0,0,0,29
1691,1691,Brian Anderson,868,27,12,0,37,107
1692,1692,Kevin Moore,0,0,0,0,0,84
1693,1693,John Jackson,0,0,0,0,0,124
1694,1694,Paul Johnson,0,0,0,0,0,53
1695,1695,Ryan Johnson,913,90,0,5,250,159
1696,1696,David Hernandez,0,0,0,0,0,126
