Player ID,Player Name,Position,Team,Team ID,PassYards,PassTDs,RushYards,rushTDs,RecYards,RecTDs
1,Player_1_1,K,Arizona Cardinals,1,0,0,0,0,0,0
2,Player_1_2,WR,Arizona Cardinals,1,0,0,65,0,3255,12
3,Player_1_3,RB,Arizona Cardinals,1,0,0,9096,103,7602,82
4,Player_1_4,P,Arizona Cardinals,1,0,0,0,0,0,0
5,Player_1_5,LB,Arizona Cardinals,1,0,0,0,0,0,0
6,Player_1_6,RB,Arizona Cardinals,1,0,0,9636,101,328,3
7,Player_1_7,CB,Arizona Cardinals,1,0,0,0,0,0,0
8,Player_1_8,DL,Arizona Cardinals,1,0,0,0,0,0,0
9,Player_1_9,S,Arizona Cardinals,1,0,0,0,0,0,0
10,Player_1_10,CB,Arizona Cardinals,1,0,0,0,0,0,0
11,Player_1_11,QB,Arizona Cardinals,1,10903,109,3491,23,0,0
12,Player_1_12,CB,Arizona Cardinals,1,0,0,0,0,0,0
13,Player_1_13,TE,Arizona Cardinals,1,0,0,0,0,9576,25
14,Player_1_14,TE,Arizona Cardinals,1,0,0,0,0,2735,12
15,Player_1_15,QB,Arizona Cardinals,1,39590,396,3979,27,0,0
16,Player_1_16,OL,Arizona Cardinals,1,0,0,0,0,0,0
17,Player_1_17,S,Arizona Cardinals,1,0,0,0,0,0,0
18,Player_1_18,S,Arizona Cardinals,1,0,0,0,0,0,0
19,Player_1_19,K,Arizona Cardinals,1,0,0,0,0,0,0
20,Player_1_20,OL,Arizona Cardinals,1,0,0,0,0,0,0
21,Player_1_21,OL,Arizona Cardinals,1,0,0,0,0,0,0
22,Player_1_22,LB,Arizona Cardinals,1,0,0,0,0,0,0
23,Player_1_23,OL,Arizona Cardinals,1,0,0,0,0,0,0
24,Player_1_24,WR,Arizona Cardinals,1,0,0,80,1,3133,11
25,Player_1_25,LB,Arizona Cardinals,1,0,0,0,0,0,0
26,Player_1_26,TE,Arizona Cardinals,1,0,0,0,0,6615,64
27,Player_1_27,CB,Arizona Cardinals,1,0,0,0,0,0,0
28,Player_1_28,RB,Arizona Cardinals,1,0,0,5461,69,4861,62
29,Player_1_29,OL,Arizona Cardinals,1,0,0,0,0,0,0
30,Player_1_30,QB,Arizona Cardinals,1,29719,297,2498,17,0,0
31,Player_1_31,DL,Arizona Cardinals,1,0,0,0,0,0,0
32,Player_1_32,CB,Arizona Cardinals,1,0,0,0,0,0,0
33,Player_1_33,P,Arizona Cardinals,1,0,0,0,0,0,0
34,Player_1_34,LB,Arizona Cardinals,1,0,0,0,0,0,0
35,Player_1_35,RB,Arizona Cardinals,1,0,0,3016,39,2576,28
36,Player_1_36,QB,Arizona Cardinals,1,42336,423,1854,12,0,0
37,Player_1_37,QB,Arizona Cardinals,1,13960,140,688,5,0,0
38,Player_1_38,TE,Arizona Cardinals,1,0,0,0,0,8446,82
39,Player_1_39,TE,Arizona Cardinals,1,0,0,0,0,1809,9
40,Player_1_40,CB,Arizona Cardinals,1,0,0,0,0,0,0
41,Player_1_41,QB,Arizona Cardinals,1,32405,324,3861,26,0,0
42,Player_1_42,RB,Arizona Cardinals,1,0,0,11408,125,962,10
43,Player_1_43,OL,Arizona Cardinals,1,0,0,0,0,0,0
44,Player_1_44,K,Arizona Cardinals,1,0,0,0,0,0,0
45,Player_1_45,WR,Arizona Cardinals,1,0,0,21,0,7575,61
46,Player_1_46,DL,Arizona Cardinals,1,0,0,0,0,0,0
47,Player_1_47,LB,Arizona Cardinals,1,0,0,0,0,0,0
48,Player_1_48,OL,Arizona Cardinals,1,0,0,0,0,0,0
49,Player_1_49,K,Arizona Cardinals,1,0,0,0,0,0,0
50,Player_1_50,TE,Arizona Cardinals,1,0,0,0,0,8679,63
51,Player_1_51,QB,Arizona Cardinals,1,34582,346,2997,20,0,0
52,Player_1_52,RB,Arizona Cardinals,1,0,0,9742,85,5401,66
53,Player_1_53,OL,Arizona Cardinals,1,0,0,0,0,0,0
54,Player_2_1,QB,Atlanta Falcons,2,16769,168,1432,10,0,0
55,Player_2_2,S,Atlanta Falcons,2,0,0,0,0,0,0
56,Player_2_3,RB,Atlanta Falcons,2,0,0,5642,67,4467,33
57,Player_2_4,QB,Atlanta Falcons,2,22469,225,3838,26,0,0
58,Player_2_5,RB,Atlanta Falcons,2,0,0,623,8,174,2
59,Player_2_6,RB,Atlanta Falcons,2,0,0,7030,92,4932,46
60,Player_2_7,QB,Atlanta Falcons,2,3290,33,2657,18,0,0
61,Player_2_8,DL,Atlanta Falcons,2,0,0,0,0,0,0
62,Player_2_9,QB,Atlanta Falcons,2,45051,451,2127,14,0,0
63,Player_2_10,RB,Atlanta Falcons,2,0,0,835,7,716,6
64,Player_2_11,K,Atlanta Falcons,2,0,0,0,0,0,0
65,Player_2_12,CB,Atlanta Falcons,2,0,0,0,0,0,0
66,Player_2_13,QB,Atlanta Falcons,2,21114,211,2293,15,0,0
67,Player_2_14,LB,Atlanta Falcons,2,0,0,0,0,0,0
68,Player_2_15,S,Atlanta Falcons,2,0,0,0,0,0,0
69,Player_2_16,OL,Atlanta Falcons,2,0,0,0,0,0,0
70,Player_2_17,P,Atlanta Falcons,2,0,0,0,0,0,0
71,Player_2_18,S,Atlanta Falcons,2,0,0,0,0,0,0
72,Player_2_19,P,Atlanta Falcons,2,0,0,0,0,0,0
73,Player_2_20,DL,Atlanta Falcons,2,0,0,0,0,0,0
74,Player_2_21,RB,Atlanta Falcons,2,0,0,2769,19,1410,15
75,Player_2_22,DL,Atlanta Falcons,2,0,0,0,0,0,0
76,Player_2_23,CB,Atlanta Falcons,2,0,0,0,0,0,0
77,Player_2_24,LB,Atlanta Falcons,2,0,0,0,0,0,0
78,Player_2_25,K,Atlanta Falcons,2,0,0,0,0,0,0
79,Player_2_26,P,Atlanta Falcons,2,0,0,0,0,0,0
80,Player_2_27,WR,Atlanta Falcons,2,0,0,96,0,3369,15
81,Player_2_28,OL,Atlanta Falcons,2,0,0,0,0,0,0
82,Player_2_29,CB,Atlanta Falcons,2,0,0,0,0,0,0
83,Player_2_30,DL,Atlanta Falcons,2,0,0,0,0,0,0
84,Player_2_31,P,Atlanta Falcons,2,0,0,0,0,0,0
85,Player_2_32,DL,Atlanta Falcons,2,0,0,0,0,0,0
86,Player_2_33,TE,Atlanta Falcons,2,0,0,0,0,9083,40
87,Player_2_34,K,Atlanta Falcons,2,0,0,0,0,0,0
88,Player_2_35,RB,Atlanta Falcons,2,0,0,1075,8,105,1
89,Player_2_36,S,Atlanta Falcons,2,0,0,0,0,0,0
90,Player_2_37,DL,Atlanta Falcons,2,0,0,0,0,0,0
91,Player_2_38,LB,Atlanta Falcons,2,0,0,0,0,0,0
92,Player_2_39,RB,Atlanta Falcons,2,0,0,10278,96,5934,50
93,Player_2_40,RB,Atlanta Falcons,2,0,0,6160,64,4469,58
94,Player_2_41,WR,Atlanta Falcons,2,0,0,80,0,2222,7
95,Player_2_42,P,Atlanta Falcons,2,0,0,0,0,0,0
96,Player_2_43,WR,Atlanta Falcons,2,0,0,140,1,9110,40
97,Player_2_44,S,Atlanta Falcons,2,0,0,0,0,0,0
98,Player_2_45,WR,Atlanta Falcons,2,0,0,25,0,10956,108
99,Player_2_46,CB,Atlanta Falcons,2,0,0,0,0,0,0
100,Player_2_47,TE,Atlanta Falcons,2,0,0,0,0,1294,9
101,Player_2_48,CB,Atlanta Falcons,2,0,0,0,0,0,0
102,Player_2_49,CB,Atlanta Falcons,2,0,0,0,0,0,0
103,Player_2_50,LB,Atlanta Falcons,2,0,0,0,0,0,0
104,Player_2_51,QB,Atlanta Falcons,2,28112,281,1254,8,0,0
105,Player_2_52,WR,Atlanta Falcons,2,0,0,76,1,2010,14
106,Player_2_53,TE,Atlanta Falcons,2,0,0,0,0,4873,37
107,Player_3_1,QB,Baltimore Ravens,3,21418,214,2459,16,0,0
108,Player_3_2,TE,Baltimore Ravens,3,0,0,0,0,2065,8
109,Player_3_3,S,Baltimore Ravens,3,0,0,0,0,0,0
110,Player_3_4,OL,Baltimore Ravens,3,0,0,0,0,0,0
111,Player_3_5,OL,Baltimore Ravens,3,0,0,0,0,0,0
112,Player_3_6,K,Baltimore Ravens,3,0,0,0,0,0,0
113,Player_3_7,S,Baltimore Ravens,3,0,0,0,0,0,0
114,Player_3_8,LB,Baltimore Ravens,3,0,0,0,0,0,0
115,Player_3_9,QB,Baltimore Ravens,3,3893,39,1964,13,0,0
116,Player_3_10,K,Baltimore Ravens,3,0,0,0,0,0,0
117,Player_3_11,CB,Baltimore Ravens,3,0,0,0,0,0,0
118,Player_3_12,QB,Baltimore Ravens,3,22256,223,3792,25,0,0
119,Player_3_13,LB,Baltimore Ravens,3,0,0,0,0,0,0
120,Player_3_14,TE,Baltimore Ravens,3,0,0,0,0,8088,76
121,Player_3_15,RB,Baltimore Ravens,3,0,0,11382,136,6352,46
122,Player_3_16,DL,Baltimore Ravens,3,0,0,0,0,0,0
123,Player_3_17,WR,Baltimore Ravens,3,0,0,36,0,5875,40
124,Player_3_18,P,Baltimore Ravens,3,0,0,0,0,0,0
125,Player_3_19,RB,Baltimore Ravens,3,0,0,3967,38,1153,14
126,Player_3_20,CB,Baltimore Ravens,3,0,0,0,0,0,0
127,Player_3_21,DL,Baltimore Ravens,3,0,0,0,0,0,0
128,Player_3_22,K,Baltimore Ravens,3,0,0,0,0,0,0
129,Player_3_23,K,Baltimore Ravens,3,0,0,0,0,0,0
130,Player_3_24,OL,Baltimore Ravens,3,0,0,0,0,0,0
131,Player_3_25,DL,Baltimore Ravens,3,0,0,0,0,0,0
132,Player_3_26,QB,Baltimore Ravens,3,40446,404,3382,23,0,0
133,Player_3_27,DL,Baltimore Ravens,3,0,0,0,0,0,0
134,Player_3_28,LB,Baltimore Ravens,3,0,0,0,0,0,0
135,Player_3_29,S,Baltimore Ravens,3,0,0,0,0,0,0
136,Player_3_30,LB,Baltimore Ravens,3,0,0,0,0,0,0
137,Player_3_31,P,Baltimore Ravens,3,0,0,0,0,0,0
138,Player_3_32,WR,Baltimore Ravens,3,0,0,75,1,3790,35
139,Player_3_33,P,Baltimore Ravens,3,0,0,0,0,0,0
140,Player_3_34,RB,Baltimore Ravens,3,0,0,6370,65,2511,33
141,Player_3_35,LB,Baltimore Ravens,3,0,0,0,0,0,0
142,Player_3_36,S,Baltimore Ravens,3,0,0,0,0,0,0
143,Player_3_37,DL,Baltimore Ravens,3,0,0,0,0,0,0
144,Player_3_38,K,Baltimore Ravens,3,0,0,0,0,0,0
145,Player_3_39,RB,Baltimore Ravens,3,0,0,2927,21,172,2
146,Player_3_40,S,Baltimore Ravens,3,0,0,0,0,0,0
147,Player_3_41,DL,Baltimore Ravens,3,0,0,0,0,0,0
148,Player_3_42,S,Baltimore Ravens,3,0,0,0,0,0,0
149,Player_3_43,LB,Baltimore Ravens,3,0,0,0,0,0,0
150,Player_3_44,DL,Baltimore Ravens,3,0,0,0,0,0,0
151,Player_3_45,K,Baltimore Ravens,3,0,0,0,0,0,0
152,Player_3_46,CB,Baltimore Ravens,3,0,0,0,0,0,0
153,Player_3_47,DL,Baltimore Ravens,3,0,0,0,0,0,0
154,Player_3_48,OL,Baltimore Ravens,3,0,0,0,0,0,0
155,Player_3_49,CB,Baltimore Ravens,3,0,0,0,0,0,0
156,Player_3_50,CB,Baltimore Ravens,3,0,0,0,0,0,0
157,Player_3_51,DL,Baltimore Ravens,3,0,0,0,0,0,0
158,Player_3_52,P,Baltimore Ravens,3,0,0,0,0,0,0
159,Player_3_53,S,Baltimore Ravens,3,0,0,0,0,0,0
160,Player_4_1,P,Buffalo Bills,4,0,0,0,0,0,0
161,Player_4_2,OL,Buffalo Bills,4,0,0,0,0,0,0
162,Player_4_3,DL,Buffalo Bills,4,0,0,0,0,0,0
163,Player_4_4,WR,Buffalo Bills,4,0,0,106,1,5784,28
164,Player_4_5,QB,Buffalo Bills,4,5085,51,2123,14,0,0
165,Player_4_6,RB,Buffalo Bills,4,0,0,823,7,84,1
166,Player_4_7,K,Buffalo Bills,4,0,0,0,0,0,0
167,Player_4_8,TE,Buffalo Bills,4,0,0,0,0,3630,26
168,Player_4_9,CB,Buffalo Bills,4,0,0,0,0,0,0
169,Player_4_10,WR,Buffalo Bills,4,0,0,66,0,2221,10
170,Player_4_11,DL,Buffalo Bills,4,0,0,0,0,0,0
171,Player_4_12,S,Buffalo Bills,4,0,0,0,0,0,0
172,Player_4_13,S,Buffalo Bills,4,0,0,0,0,0,0
173,Player_4_14,TE,Buffalo Bills,4,0,0,0,0,2009,11
174,Player_4_15,RB,Buffalo Bills,4,0,0,4029,47,668,8
175,Player_4_16,RB,Buffalo Bills,4,0,0,9947,109,5538,42
176,Player_4_17,DL,Buffalo Bills,4,0,0,0,0,0,0
177,Player_4_18,WR,Buffalo Bills,4,0,0,117,2,5736,55
178,Player_4_19,P,Buffalo Bills,4,0,0,0,0,0,0
179,Player_4_20,TE,Buffalo Bills,4,0,0,0,0,4003,13
180,Player_4_21,RB,Buffalo Bills,4,0,0,3762,39,1192,13
181,Player_4_22,QB,Buffalo Bills,4,25425,254,3157,21,0,0
182,Player_4_23,CB,Buffalo Bills,4,0,0,0,0,0,0
183,Player_4_24,TE,Buffalo Bills,4,0,0,0,0,331,1
184,Player_4_25,QB,Buffalo Bills,4,47017,470,1985,13,0,0
185,Player_4_26,TE,Buffalo Bills,4,0,0,0,0,1011,4
186,Player_4_27,QB,Buffalo Bills,4,44,0,403,3,0,0
187,Player_4_28,K,Buffalo Bills,4,0,0,0,0,0,0
188,Player_4_29,RB,Buffalo Bills,4,0,0,4592,55,2402,23
189,Player_4_30,K,Buffalo Bills,4,0,0,0,0,0,0
190,Player_4_31,TE,Buffalo Bills,4,0,0,0,0,9291,82
191,Player_4_32,P,Buffalo Bills,4,0,0,0,0,0,0
192,Player_4_33,K,Buffalo Bills,4,0,0,0,0,0,0
193,Player_4_34,OL,Buffalo Bills,4,0,0,0,0,0,0
194,Player_4_35,TE,Buffalo Bills,4,0,0,0,0,8205,70
195,Player_4_36,TE,Buffalo Bills,4,0,0,0,0,145,1
196,Player_4_37,LB,Buffalo Bills,4,0,0,0,0,0,0
197,Player_4_38,DL,Buffalo Bills,4,0,0,0,0,0,0
198,Player_4_39,LB,Buffalo Bills,4,0,0,0,0,0,0
199,Player_4_40,WR,Buffalo Bills,4,0,0,115,2,11331,61
200,Player_4_41,TE,Buffalo Bills,4,0,0,0,0,6491,45
201,Player_4_42,WR,Buffalo Bills,4,0,0,19,0,9917,39
202,Player_4_43,K,Buffalo Bills,4,0,0,0,0,0,0
203,Player_4_44,K,Buffalo Bills,4,0,0,0,0,0,0
204,Player_4_45,RB,Buffalo Bills,4,0,0,5223,54,503,6
205,Player_4_46,RB,Buffalo Bills,4,0,0,5305,60,3458,25
206,Player_4_47,WR,Buffalo Bills,4,0,0,124,0,11605,37
207,Player_4_48,TE,Buffalo Bills,4,0,0,0,0,6509,60
208,Player_4_49,RB,Buffalo Bills,4,0,0,796,6,672,8
209,Player_4_50,CB,Buffalo Bills,4,0,0,0,0,0,0
210,Player_4_51,CB,Buffalo Bills,4,0,0,0,0,0,0
211,Player_4_52,QB,Buffalo Bills,4,48497,485,1879,13,0,0
212,Player_4_53,WR,Buffalo Bills,4,0,0,35,0,9361,38
213,Player_5_1,TE,Carolina Panthers,5,0,0,0,0,8004,59
214,Player_5_2,LB,Carolina Panthers,5,0,0,0,0,0,0
215,Player_5_3,P,Carolina Panthers,5,0,0,0,0,0,0
216,Player_5_4,K,Carolina Panthers,5,0,0,0,0,0,0
217,Player_5_5,LB,Carolina Panthers,5,0,0,0,0,0,0
218,Player_5_6,S,Carolina Panthers,5,0,0,0,0,0,0
219,Player_5_7,QB,Carolina Panthers,5,18878,189,1760,12,0,0
220,Player_5_8,WR,Carolina Panthers,5,0,0,58,1,9450,45
221,Player_5_9,DL,Carolina Panthers,5,0,0,0,0,0,0
222,Player_5_10,RB,Carolina Panthers,5,0,0,10455,98,3532,47
223,Player_5_11,DL,Carolina Panthers,5,0,0,0,0,0,0
224,Player_5_12,QB,Carolina Panthers,5,33681,337,186,1,0,0
225,Player_5_13,DL,Carolina Panthers,5,0,0,0,0,0,0
226,Player_5_14,CB,Carolina Panthers,5,0,0,0,0,0,0
227,Player_5_15,OL,Carolina Panthers,5,0,0,0,0,0,0
228,Player_5_16,CB,Carolina Panthers,5,0,0,0,0,0,0
229,Player_5_17,S,Carolina Panthers,5,0,0,0,0,0,0
230,Player_5_18,RB,Carolina Panthers,5,0,0,6811,47,2494,31
231,Player_5_19,TE,Carolina Panthers,5,0,0,0,0,8257,57
232,Player_5_20,QB,Carolina Panthers,5,20272,203,1541,10,0,0
233,Player_5_21,LB,Carolina Panthers,5,0,0,0,0,0,0
234,Player_5_22,DL,Carolina Panthers,5,0,0,0,0,0,0
235,Player_5_23,WR,Carolina Panthers,5,0,0,91,0,10064,100
236,Player_5_24,OL,Carolina Panthers,5,0,0,0,0,0,0
237,Player_5_25,RB,Carolina Panthers,5,0,0,11501,113,6726,45
238,Player_5_26,S,Carolina Panthers,5,0,0,0,0,0,0
239,Player_5_27,TE,Carolina Panthers,5,0,0,0,0,140,1
240,Player_5_28,S,Carolina Panthers,5,0,0,0,0,0,0
241,Player_5_29,CB,Carolina Panthers,5,0,0,0,0,0,0
242,Player_5_30,P,Carolina Panthers,5,0,0,0,0,0,0
243,Player_5_31,TE,Carolina Panthers,5,0,0,0,0,8244,22
244,Player_5_32,P,Carolina Panthers,5,0,0,0,0,0,0
245,Player_5_33,QB,Carolina Panthers,5,26768,268,233,2,0,0
246,Player_5_34,OL,Carolina Panthers,5,0,0,0,0,0,0
247,Player_5_35,QB,Carolina Panthers,5,12819,128,3121,21,0,0
248,Player_5_36,WR,Carolina Panthers,5,0,0,38,0,5321,51
249,Player_5_37,CB,Carolina Panthers,5,0,0,0,0,0,0
250,Player_5_38,K,Carolina Panthers,5,0,0,0,0,0,0
251,Player_5_39,K,Carolina Panthers,5,0,0,0,0,0,0
252,Player_5_40,OL,Carolina Panthers,5,0,0,0,0,0,0
253,Player_5_41,K,Carolina Panthers,5,0,0,0,0,0,0
254,Player_5_42,CB,Carolina Panthers,5,0,0,0,0,0,0
255,Player_5_43,TE,Carolina Panthers,5,0,0,0,0,6468,23
256,Player_5_44,CB,Carolina Panthers,5,0,0,0,0,0,0
257,Player_5_45,S,Carolina Panthers,5,0,0,0,0,0,0
258,Player_5_46,RB,Carolina Panthers,5,0,0,3031,35,2210,21
259,Player_5_47,DL,Carolina Panthers,5,0,0,0,0,0,0
260,Player_5_48,QB,Carolina Panthers,5,24800,248,3959,26,0,0
261,Player_5_49,LB,Carolina Panthers,5,0,0,0,0,0,0
262,Player_5_50,TE,Carolina Panthers,5,0,0,0,0,5800,29
263,Player_5_51,CB,Carolina Panthers,5,0,0,0,0,0,0
264,Player_5_52,P,Carolina Panthers,5,0,0,0,0,0,0
265,Player_5_53,K,Carolina Panthers,5,0,0,0,0,0,0
266,Player_6_1,RB,Chicago Bears,6,0,0,862,9,416,3
267,Player_6_2,TE,Chicago Bears,6,0,0,0,0,5717,32
268,Player_6_3,OL,Chicago Bears,6,0,0,0,0,0,0
269,Player_6_4,CB,Chicago Bears,6,0,0,0,0,0,0
270,Player_6_5,QB,Chicago Bears,6,23638,236,2975,20,0,0
271,Player_6_6,TE,Chicago Bears,6,0,0,0,0,8649,71
272,Player_6_7,TE,Chicago Bears,6,0,0,0,0,8840,61
273,Player_6_8,P,Chicago Bears,6,0,0,0,0,0,0
274,Player_6_9,WR,Chicago Bears,6,0,0,73,1,1795,17
275,Player_6_10,OL,Chicago Bears,6,0,0,0,0,0,0
276,Player_6_11,S,Chicago Bears,6,0,0,0,0,0,0
277,Player_6_12,S,Chicago Bears,6,0,0,0,0,0,0
278,Player_6_13,WR,Chicago Bears,6,0,0,43,0,3990,20
279,Player_6_14,LB,Chicago Bears,6,0,0,0,0,0,0
280,Player_6_15,LB,Chicago Bears,6,0,0,0,0,0,0
281,Player_6_16,WR,Chicago Bears,6,0,0,37,0,10285,101
282,Player_6_17,OL,Chicago Bears,6,0,0,0,0,0,0
283,Player_6_18,LB,Chicago Bears,6,0,0,0,0,0,0
284,Player_6_19,RB,Chicago Bears,6,0,0,5394,51,3492,43
285,Player_6_20,QB,Chicago Bears,6,22794,228,3506,23,0,0
286,Player_6_21,CB,Chicago Bears,6,0,0,0,0,0,0
287,Player_6_22,DL,Chicago Bears,6,0,0,0,0,0,0
288,Player_6_23,DL,Chicago Bears,6,0,0,0,0,0,0
289,Player_6_24,DL,Chicago Bears,6,0,0,0,0,0,0
290,Player_6_25,LB,Chicago Bears,6,0,0,0,0,0,0
291,Player_6_26,OL,Chicago Bears,6,0,0,0,0,0,0
292,Player_6_27,CB,Chicago Bears,6,0,0,0,0,0,0
293,Player_6_28,TE,Chicago Bears,6,0,0,0,0,6473,21
294,Player_6_29,LB,Chicago Bears,6,0,0,0,0,0,0
295,Player_6_30,S,Chicago Bears,6,0,0,0,0,0,0
296,Player_6_31,K,Chicago Bears,6,0,0,0,0,0,0
297,Player_6_32,P,Chicago Bears,6,0,0,0,0,0,0
298,Player_6_33,P,Chicago Bears,6,0,0,0,0,0,0
299,Player_6_34,CB,Chicago Bears,6,0,0,0,0,0,0
300,Player_6_35,LB,Chicago Bears,6,0,0,0,0,0,0
301,Player_6_36,P,Chicago Bears,6,0,0,0,0,0,0
302,Player_6_37,OL,Chicago Bears,6,0,0,0,0,0,0
303,Player_6_38,CB,Chicago Bears,6,0,0,0,0,0,0
304,Player_6_39,P,Chicago Bears,6,0,0,0,0,0,0
305,Player_6_40,TE,Chicago Bears,6,0,0,0,0,2013,19
306,Player_6_41,CB,Chicago Bears,6,0,0,0,0,0,0
307,Player_6_42,S,Chicago Bears,6,0,0,0,0,0,0
308,Player_6_43,WR,Chicago Bears,6,0,0,31,0,6768,40
309,Player_6_44,LB,Chicago Bears,6,0,0,0,0,0,0
310,Player_6_45,QB,Chicago Bears,6,34179,342,1844,12,0,0
311,Player_6_46,LB,Chicago Bears,6,0,0,0,0,0,0
312,Player_6_47,RB,Chicago Bears,6,0,0,10151,83,8757,106
313,Player_6_48,OL,Chicago Bears,6,0,0,0,0,0,0
314,Player_6_49,P,Chicago Bears,6,0,0,0,0,0,0
315,Player_6_50,S,Chicago Bears,6,0,0,0,0,0,0
316,Player_6_51,CB,Chicago Bears,6,0,0,0,0,0,0
317,Player_6_52,TE,Chicago Bears,6,0,0,0,0,7197,69
318,Player_6_53,P,Chicago Bears,6,0,0,0,0,0,0
319,Player_7_1,P,Cincinnati Bengals,7,0,0,0,0,0,0
320,Player_7_2,WR,Cincinnati Bengals,7,0,0,5,0,5584,17
321,Player_7_3,P,Cincinnati Bengals,7,0,0,0,0,0,0
322,Player_7_4,WR,Cincinnati Bengals,7,0,0,146,2,2888,23
323,Player_7_5,K,Cincinnati Bengals,7,0,0,0,0,0,0
324,Player_7_6,CB,Cincinnati Bengals,7,0,0,0,0,0,0
325,Player_7_7,K,Cincinnati Bengals,7,0,0,0,0,0,0
326,Player_7_8,LB,Cincinnati Bengals,7,0,0,0,0,0,0
327,Player_7_9,K,Cincinnati Bengals,7,0,0,0,0,0,0
328,Player_7_10,QB,Cincinnati Bengals,7,6131,61,321,2,0,0
329,Player_7_11,QB,Cincinnati Bengals,7,37570,376,3740,25,0,0
330,Player_7_12,TE,Cincinnati Bengals,7,0,0,0,0,9799,97
331,Player_7_13,WR,Cincinnati Bengals,7,0,0,120,0,4979,41
332,Player_7_14,TE,Cincinnati Bengals,7,0,0,0,0,4604,25
333,Player_7_15,P,Cincinnati Bengals,7,0,0,0,0,0,0
334,Player_7_16,QB,Cincinnati Bengals,7,34333,343,1824,12,0,0
335,Player_7_17,K,Cincinnati Bengals,7,0,0,0,0,0,0
336,Player_7_18,OL,Cincinnati Bengals,7,0,0,0,0,0,0
337,Player_7_19,CB,Cincinnati Bengals,7,0,0,0,0,0,0
338,Player_7_20,LB,Cincinnati Bengals,7,0,0,0,0,0,0
339,Player_7_21,QB,Cincinnati Bengals,7,29180,292,65,0,0,0
340,Player_7_22,CB,Cincinnati Bengals,7,0,0,0,0,0,0
341,Player_7_23,QB,Cincinnati Bengals,7,7030,70,906,6,0,0
342,Player_7_24,TE,Cincinnati Bengals,7,0,0,0,0,3193,17
343,Player_7_25,WR,Cincinnati Bengals,7,0,0,4,0,5405,45
344,Player_7_26,S,Cincinnati Bengals,7,0,0,0,0,0,0
345,Player_7_27,CB,Cincinnati Bengals,7,0,0,0,0,0,0
346,Player_7_28,K,Cincinnati Bengals,7,0,0,0,0,0,0
347,Player_7_29,K,Cincinnati Bengals,7,0,0,0,0,0,0
348,Player_7_30,LB,Cincinnati Bengals,7,0,0,0,0,0,0
349,Player_7_31,CB,Cincinnati Bengals,7,0,0,0,0,0,0
350,Player_7_32,TE,Cincinnati Bengals,7,0,0,0,0,2218,21
351,Player_7_33,RB,Cincinnati Bengals,7,0,0,6450,43,2207,23
352,Player_7_34,OL,Cincinnati Bengals,7,0,0,0,0,0,0
353,Player_7_35,S,Cincinnati Bengals,7,0,0,0,0,0,0
354,Player_7_36,P,Cincinnati Bengals,7,0,0,0,0,0,0
355,Player_7_37,DL,Cincinnati Bengals,7,0,0,0,0,0,0
356,Player_7_38,OL,Cincinnati Bengals,7,0,0,0,0,0,0
357,Player_7_39,LB,Cincinnati Bengals,7,0,0,0,0,0,0
358,Player_7_40,OL,Cincinnati Bengals,7,0,0,0,0,0,0
359,Player_7_41,QB,Cincinnati Bengals,7,33686,337,3912,26,0,0
360,Player_7_42,WR,Cincinnati Bengals,7,0,0,83,1,10127,57
361,Player_7_43,LB,Cincinnati Bengals,7,0,0,0,0,0,0
362,Player_7_44,RB,Cincinnati Bengals,7,0,0,7280,77,6212,82
363,Player_7_45,TE,Cincinnati Bengals,7,0,0,0,0,6513,50
364,Player_7_46,RB,Cincinnati Bengals,7,0,0,3212,26,1468,12
365,Player_7_47,LB,Cincinnati Bengals,7,0,0,0,0,0,0
366,Player_7_48,CB,Cincinnati Bengals,7,0,0,0,0,0,0
367,Player_7_49,LB,Cincinnati Bengals,7,0,0,0,0,0,0
368,Player_7_50,DL,Cincinnati Bengals,7,0,0,0,0,0,0
369,Player_7_51,RB,Cincinnati Bengals,7,0,0,3881,29,3246,36
370,Player_7_52,S,Cincinnati Bengals,7,0,0,0,0,0,0
371,Player_7_53,QB,Cincinnati Bengals,7,19984,200,3443,23,0,0
372,Player_8_1,OL,Cleveland Browns,8,0,0,0,0,0,0
373,Player_8_2,TE,Cleveland Browns,8,0,0,0,0,2357,8
374,Player_8_3,TE,Cleveland Browns,8,0,0,0,0,9940,47
375,Player_8_4,OL,Cleveland Browns,8,0,0,0,0,0,0
376,Player_8_5,LB,Cleveland Browns,8,0,0,0,0,0,0
377,Player_8_6,P,Cleveland Browns,8,0,0,0,0,0,0
378,Player_8_7,QB,Cleveland Browns,8,37829,378,1131,8,0,0
379,Player_8_8,K,Cleveland Browns,8,0,0,0,0,0,0
380,Player_8_9,DL,Cleveland Browns,8,0,0,0,0,0,0
381,Player_8_10,S,Cleveland Browns,8,0,0,0,0,0,0
382,Player_8_11,OL,Cleveland Browns,8,0,0,0,0,0,0
383,Player_8_12,DL,Cleveland Browns,8,0,0,0,0,0,0
384,Player_8_13,WR,Cleveland Browns,8,0,0,78,1,945,7
385,Player_8_14,CB,Cleveland Browns,8,0,0,0,0,0,0
386,Player_8_15,K,Cleveland Browns,8,0,0,0,0,0,0
387,Player_8_16,RB,Cleveland Browns,8,0,0,5272,38,4556,46
388,Player_8_17,CB,Cleveland Browns,8,0,0,0,0,0,0
389,Player_8_18,OL,Cleveland Browns,8,0,0,0,0,0,0
390,Player_8_19,TE,Cleveland Browns,8,0,0,0,0,3234,9
391,Player_8_20,P,Cleveland Browns,8,0,0,0,0,0,0
392,Player_8_21,K,Cleveland Browns,8,0,0,0,0,0,0
393,Player_8_22,QB,Cleveland Browns,8,29560,296,792,5,0,0
394,Player_8_23,P,Cleveland Browns,8,0,0,0,0,0,0
395,Player_8_24,TE,Cleveland Browns,8,0,0,0,0,8514,27
396,Player_8_25,K,Cleveland Browns,8,0,0,0,0,0,0
397,Player_8_26,WR,Cleveland Browns,8,0,0,129,1,8713,43
398,Player_8_27,TE,Cleveland Browns,8,0,0,0,0,4212,22
399,Player_8_28,QB,Cleveland Browns,8,1946,19,918,6,0,0
400,Player_8_29,LB,Cleveland Browns,8,0,0,0,0,0,0
401,Player_8_30,LB,Cleveland Browns,8,0,0,0,0,0,0
402,Player_8_31,OL,Cleveland Browns,8,0,0,0,0,0,0
403,Player_8_32,OL,Cleveland Browns,8,0,0,0,0,0,0
404,Player_8_33,S,Cleveland Browns,8,0,0,0,0,0,0
405,Player_8_34,QB,Cleveland Browns,8,48732,487,3660,24,0,0
406,Player_8_35,RB,Cleveland Browns,8,0,0,11801,127,1959,21
407,Player_8_36,RB,Cleveland Browns,8,0,0,2548,26,1953,26
408,Player_8_37,K,Cleveland Browns,8,0,0,0,0,0,0
409,Player_8_38,CB,Cleveland Browns,8,0,0,0,0,0,0
410,Player_8_39,K,Cleveland Browns,8,0,0,0,0,0,0
411,Player_8_40,OL,Cleveland Browns,8,0,0,0,0,0,0
412,Player_8_41,WR,Cleveland Browns,8,0,0,64,0,2360,18
413,Player_8_42,WR,Cleveland Browns,8,0,0,6,0,9526,78
414,Player_8_43,WR,Cleveland Browns,8,0,0,12,0,247,2
415,Player_8_44,QB,Cleveland Browns,8,18556,186,48,0,0,0
416,Player_8_45,CB,Cleveland Browns,8,0,0,0,0,0,0
417,Player_8_46,OL,Cleveland Browns,8,0,0,0,0,0,0
418,Player_8_47,QB,Cleveland Browns,8,32148,321,3342,22,0,0
419,Player_8_48,OL,Cleveland Browns,8,0,0,0,0,0,0
420,Player_8_49,OL,Cleveland Browns,8,0,0,0,0,0,0
421,Player_8_50,CB,Cleveland Browns,8,0,0,0,0,0,0
422,Player_8_51,K,Cleveland Browns,8,0,0,0,0,0,0
423,Player_8_52,P,Cleveland Browns,8,0,0,0,0,0,0
424,Player_8_53,LB,Cleveland Browns,8,0,0,0,0,0,0
425,Player_9_1,P,Dallas Cowboys,9,0,0,0,0,0,0
426,Player_9_2,TE,Dallas Cowboys,9,0,0,0,0,9261,76
427,Player_9_3,OL,Dallas Cowboys,9,0,0,0,0,0,0
428,Player_9_4,CB,Dallas Cowboys,9,0,0,0,0,0,0
429,Player_9_5,LB,Dallas Cowboys,9,0,0,0,0,0,0
430,Player_9_6,TE,Dallas Cowboys,9,0,0,0,0,2245,16
431,Player_9_7,P,Dallas Cowboys,9,0,0,0,0,0,0
432,Player_9_8,TE,Dallas Cowboys,9,0,0,0,0,6143,32
433,Player_9_9,K,Dallas Cowboys,9,0,0,0,0,0,0
434,Player_9_10,DL,Dallas Cowboys,9,0,0,0,0,0,0
435,Player_9_11,TE,Dallas Cowboys,9,0,0,0,0,4363,21
436,Player_9_12,S,Dallas Cowboys,9,0,0,0,0,0,0
437,Player_9_13,DL,Dallas Cowboys,9,0,0,0,0,0,0
438,Player_9_14,K,Dallas Cowboys,9,0,0,0,0,0,0
439,Player_9_15,RB,Dallas Cowboys,9,0,0,5811,73,4082,31
440,Player_9_16,TE,Dallas Cowboys,9,0,0,0,0,5667,40
441,Player_9_17,WR,Dallas Cowboys,9,0,0,122,1,4691,43
442,Player_9_18,CB,Dallas Cowboys,9,0,0,0,0,0,0
443,Player_9_19,TE,Dallas Cowboys,9,0,0,0,0,5711,22
444,Player_9_20,CB,Dallas Cowboys,9,0,0,0,0,0,0
445,Player_9_21,LB,Dallas Cowboys,9,0,0,0,0,0,0
446,Player_9_22,K,Dallas Cowboys,9,0,0,0,0,0,0
447,Player_9_23,S,Dallas Cowboys,9,0,0,0,0,0,0
448,Player_9_24,TE,Dallas Cowboys,9,0,0,0,0,3460,21
449,Player_9_25,TE,Dallas Cowboys,9,0,0,0,0,7001,52
450,Player_9_26,CB,Dallas Cowboys,9,0,0,0,0,0,0
451,Player_9_27,DL,Dallas Cowboys,9,0,0,0,0,0,0
452,Player_9_28,TE,Dallas Cowboys,9,0,0,0,0,9429,81
453,Player_9_29,DL,Dallas Cowboys,9,0,0,0,0,0,0
454,Player_9_30,S,Dallas Cowboys,9,0,0,0,0,0,0
455,Player_9_31,DL,Dallas Cowboys,9,0,0,0,0,0,0
456,Player_9_32,RB,Dallas Cowboys,9,0,0,3073,31,2423,27
457,Player_9_33,TE,Dallas Cowboys,9,0,0,0,0,8770,76
458,Player_9_34,QB,Dallas Cowboys,9,41918,419,2777,19,0,0
459,Player_9_35,WR,Dallas Cowboys,9,0,0,143,1,1492,5
460,Player_9_36,OL,Dallas Cowboys,9,0,0,0,0,0,0
461,Player_9_37,OL,Dallas Cowboys,9,0,0,0,0,0,0
462,Player_9_38,RB,Dallas Cowboys,9,0,0,8751,102,3655,43
463,Player_9_39,TE,Dallas Cowboys,9,0,0,0,0,916,3
464,Player_9_40,P,Dallas Cowboys,9,0,0,0,0,0,0
465,Player_9_41,S,Dallas Cowboys,9,0,0,0,0,0,0
466,Player_9_42,P,Dallas Cowboys,9,0,0,0,0,0,0
467,Player_9_43,CB,Dallas Cowboys,9,0,0,0,0,0,0
468,Player_9_44,WR,Dallas Cowboys,9,0,0,46,0,4264,40
469,Player_9_45,CB,Dallas Cowboys,9,0,0,0,0,0,0
470,Player_9_46,K,Dallas Cowboys,9,0,0,0,0,0,0
471,Player_9_47,DL,Dallas Cowboys,9,0,0,0,0,0,0
472,Player_9_48,OL,Dallas Cowboys,9,0,0,0,0,0,0
473,Player_9_49,QB,Dallas Cowboys,9,42942,429,3356,22,0,0
474,Player_9_50,S,Dallas Cowboys,9,0,0,0,0,0,0
475,Player_9_51,S,Dallas Cowboys,9,0,0,0,0,0,0
476,Player_9_52,DL,Dallas Cowboys,9,0,0,0,0,0,0
477,Player_9_53,OL,Dallas Cowboys,9,0,0,0,0,0,0
478,Player_10_1,K,Denver Broncos,10,0,0,0,0,0,0
479,Player_10_2,WR,Denver Broncos,10,0,0,91,0,6791,52
480,Player_10_3,CB,Denver Broncos,10,0,0,0,0,0,0
481,Player_10_4,P,Denver Broncos,10,0,0,0,0,0,0
482,Player_10_5,QB,Denver Broncos,10,34002,340,2880,19,0,0
483,Player_10_6,S,Denver Broncos,10,0,0,0,0,0,0
484,Player_10_7,RB,Denver Broncos,10,0,0,8093,74,85,1
485,Player_10_8,K,Denver Broncos,10,0,0,0,0,0,0
486,Player_10_9,K,Denver Broncos,10,0,0,0,0,0,0
487,Player_10_10,RB,Denver Broncos,10,0,0,7893,84,5322,60
488,Player_10_11,TE,Denver Broncos,10,0,0,0,0,1352,9
489,Player_10_12,OL,Denver Broncos,10,0,0,0,0,0,0
490,Player_10_13,K,Denver Broncos,10,0,0,0,0,0,0
491,Player_10_14,RB,Denver Broncos,10,0,0,6919,57,1549,20
492,Player_10_15,S,Denver Broncos,10,0,0,0,0,0,0
493,Player_10_16,S,Denver Broncos,10,0,0,0,0,0,0
494,Player_10_17,S,Denver Broncos,10,0,0,0,0,0,0
495,Player_10_18,LB,Denver Broncos,10,0,0,0,0,0,0
496,Player_10_19,RB,Denver Broncos,10,0,0,4375,53,2673,27
497,Player_10_20,RB,Denver Broncos,10,0,0,10766,72,2449,24
498,Player_10_21,P,Denver Broncos,10,0,0,0,0,0,0
499,Player_10_22,DL,Denver Broncos,10,0,0,0,0,0,0
500,Player_10_23,K,Denver Broncos,10,0,0,0,0,0,0
501,Player_10_24,S,Denver Broncos,10,0,0,0,0,0,0
502,Player_10_25,WR,Denver Broncos,10,0,0,14,0,7632,28
503,Player_10_26,LB,Denver Broncos,10,0,0,0,0,0,0
504,Player_10_27,DL,Denver Broncos,10,0,0,0,0,0,0
505,Player_10_28,S,Denver Broncos,10,0,0,0,0,0,0
506,Player_10_29,RB,Denver Broncos,10,0,0,3233,41,71,1
507,Player_10_30,OL,Denver Broncos,10,0,0,0,0,0,0
508,Player_10_31,QB,Denver Broncos,10,26192,262,2559,17,0,0
509,Player_10_32,DL,Denver Broncos,10,0,0,0,0,0,0
510,Player_10_33,QB,Denver Broncos,10,4027,40,3973,26,0,0
511,Player_10_34,WR,Denver Broncos,10,0,0,41,0,199,1
512,Player_10_35,DL,Denver Broncos,10,0,0,0,0,0,0
513,Player_10_36,CB,Denver Broncos,10,0,0,0,0,0,0
514,Player_10_37,QB,Denver Broncos,10,13943,139,3816,25,0,0
515,Player_10_38,S,Denver Broncos,10,0,0,0,0,0,0
516,Player_10_39,QB,Denver Broncos,10,3944,39,1963,13,0,0
517,Player_10_40,QB,Denver Broncos,10,6302,63,193,1,0,0
518,Player_10_41,QB,Denver Broncos,10,30450,305,2473,16,0,0
519,Player_10_42,RB,Denver Broncos,10,0,0,6306,82,591,5
520,Player_10_43,CB,Denver Broncos,10,0,0,0,0,0,0
521,Player_10_44,RB,Denver Broncos,10,0,0,8576,65,2100,20
522,Player_10_45,LB,Denver Broncos,10,0,0,0,0,0,0
523,Player_10_46,DL,Denver Broncos,10,0,0,0,0,0,0
524,Player_10_47,WR,Denver Broncos,10,0,0,0,0,1709,16
525,Player_10_48,CB,Denver Broncos,10,0,0,0,0,0,0
526,Player_10_49,K,Denver Broncos,10,0,0,0,0,0,0
527,Player_10_50,WR,Denver Broncos,10,0,0,146,0,6791,33
528,Player_10_51,OL,Denver Broncos,10,0,0,0,0,0,0
529,Player_10_52,DL,Denver Broncos,10,0,0,0,0,0,0
530,Player_10_53,S,Denver Broncos,10,0,0,0,0,0,0
531,Player_11_1,RB,Detroit Lions,11,0,0,1749,13,199,2
532,Player_11_2,OL,Detroit Lions,11,0,0,0,0,0,0
533,Player_11_3,K,Detroit Lions,11,0,0,0,0,0,0
534,Player_11_4,P,Detroit Lions,11,0,0,0,0,0,0
535,Player_11_5,P,Detroit Lions,11,0,0,0,0,0,0
536,Player_11_6,TE,Detroit Lions,11,0,0,0,0,5466,36
537,Player_11_7,LB,Detroit Lions,11,0,0,0,0,0,0
538,Player_11_8,RB,Detroit Lions,11,0,0,8525,68,2212,15
539,Player_11_9,WR,Detroit Lions,11,0,0,130,0,1711,9
540,Player_11_10,P,Detroit Lions,11,0,0,0,0,0,0
541,Player_11_11,RB,Detroit Lions,11,0,0,2566,24,1800,12
542,Player_11_12,WR,Detroit Lions,11,0,0,59,1,7318,37
543,Player_11_13,DL,Detroit Lions,11,0,0,0,0,0,0
544,Player_11_14,OL,Detroit Lions,11,0,0,0,0,0,0
545,Player_11_15,RB,Detroit Lions,11,0,0,3441,27,707,7
546,Player_11_16,LB,Detroit Lions,11,0,0,0,0,0,0
547,Player_11_17,DL,Detroit Lions,11,0,0,0,0,0,0
548,Player_11_18,OL,Detroit Lions,11,0,0,0,0,0,0
549,Player_11_19,QB,Detroit Lions,11,42226,422,3732,25,0,0
550,Player_11_20,DL,Detroit Lions,11,0,0,0,0,0,0
551,Player_11_21,RB,Detroit Lions,11,0,0,11463,124,2963,26
552,Player_11_22,OL,Detroit Lions,11,0,0,0,0,0,0
553,Player_11_23,DL,Detroit Lions,11,0,0,0,0,0,0
554,Player_11_24,K,Detroit Lions,11,0,0,0,0,0,0
555,Player_11_25,RB,Detroit Lions,11,0,0,10037,80,8440,57
556,Player_11_26,DL,Detroit Lions,11,0,0,0,0,0,0
557,Player_11_27,K,Detroit Lions,11,0,0,0,0,0,0
558,Player_11_28,QB,Detroit Lions,11,4201,42,1933,13,0,0
559,Player_11_29,TE,Detroit Lions,11,0,0,0,0,5409,32
560,Player_11_30,K,Detroit Lions,11,0,0,0,0,0,0
561,Player_11_31,P,Detroit Lions,11,0,0,0,0,0,0
562,Player_11_32,DL,Detroit Lions,11,0,0,0,0,0,0
563,Player_11_33,QB,Detroit Lions,11,44915,449,164,1,0,0
564,Player_11_34,RB,Detroit Lions,11,0,0,4195,51,776,8
565,Player_11_35,S,Detroit Lions,11,0,0,0,0,0,0
566,Player_11_36,QB,Detroit Lions,11,4205,42,2,0,0,0
567,Player_11_37,K,Detroit Lions,11,0,0,0,0,0,0
568,Player_11_38,P,Detroit Lions,11,0,0,0,0,0,0
569,Player_11_39,K,Detroit Lions,11,0,0,0,0,0,0
570,Player_11_40,LB,Detroit Lions,11,0,0,0,0,0,0
571,Player_11_41,S,Detroit Lions,11,0,0,0,0,0,0
572,Player_11_42,QB,Detroit Lions,11,14119,141,3289,22,0,0
573,Player_11_43,TE,Detroit Lions,11,0,0,0,0,117,1
574,Player_11_44,OL,Detroit Lions,11,0,0,0,0,0,0
575,Player_11_45,DL,Detroit Lions,11,0,0,0,0,0,0
576,Player_11_46,P,Detroit Lions,11,0,0,0,0,0,0
577,Player_11_47,DL,Detroit Lions,11,0,0,0,0,0,0
578,Player_11_48,QB,Detroit Lions,11,25051,251,2852,19,0,0
579,Player_11_49,K,Detroit Lions,11,0,0,0,0,0,0
580,Player_11_50,CB,Detroit Lions,11,0,0,0,0,0,0
581,Player_11_51,TE,Detroit Lions,11,0,0,0,0,6591,51
582,Player_11_52,OL,Detroit Lions,11,0,0,0,0,0,0
583,Player_11_53,RB,Detroit Lions,11,0,0,3108,36,1973,24
584,Player_12_1,K,Green Bay Packers,12,0,0,0,0,0,0
585,Player_12_2,LB,Green Bay Packers,12,0,0,0,0,0,0
586,Player_12_3,K,Green Bay Packers,12,0,0,0,0,0,0
587,Player_12_4,OL,Green Bay Packers,12,0,0,0,0,0,0
588,Player_12_5,S,Green Bay Packers,12,0,0,0,0,0,0
589,Player_12_6,TE,Green Bay Packers,12,0,0,0,0,5504,46
590,Player_12_7,K,Green Bay Packers,12,0,0,0,0,0,0
591,Player_12_8,RB,Green Bay Packers,12,0,0,11518,151,9079,105
592,Player_12_9,TE,Green Bay Packers,12,0,0,0,0,7541,28
593,Player_12_10,LB,Green Bay Packers,12,0,0,0,0,0,0
594,Player_12_11,S,Green Bay Packers,12,0,0,0,0,0,0
595,Player_12_12,LB,Green Bay Packers,12,0,0,0,0,0,0
596,Player_12_13,OL,Green Bay Packers,12,0,0,0,0,0,0
597,Player_12_14,RB,Green Bay Packers,12,0,0,10438,112,8335,79
598,Player_12_15,CB,Green Bay Packers,12,0,0,0,0,0,0
599,Player_12_16,WR,Green Bay Packers,12,0,0,69,0,5098,37
600,Player_12_17,CB,Green Bay Packers,12,0,0,0,0,0,0
601,Player_12_18,LB,Green Bay Packers,12,0,0,0,0,0,0
602,Player_12_19,RB,Green Bay Packers,12,0,0,7406,67,2345,18
603,Player_12_20,RB,Green Bay Packers,12,0,0,11952,142,5245,37
604,Player_12_21,DL,Green Bay Packers,12,0,0,0,0,0,0
605,Player_12_22,LB,Green Bay Packers,12,0,0,0,0,0,0
606,Player_12_23,QB,Green Bay Packers,12,34089,341,1942,13,0,0
607,Player_12_24,CB,Green Bay Packers,12,0,0,0,0,0,0
608,Player_12_25,TE,Green Bay Packers,12,0,0,0,0,3824,10
609,Player_12_26,TE,Green Bay Packers,12,0,0,0,0,3816,36
610,Player_12_27,TE,Green Bay Packers,12,0,0,0,0,9423,53
611,Player_12_28,P,Green Bay Packers,12,0,0,0,0,0,0
612,Player_12_29,DL,Green Bay Packers,12,0,0,0,0,0,0
613,Player_12_30,QB,Green Bay Packers,12,29835,298,3381,23,0,0
614,Player_12_31,OL,Green Bay Packers,12,0,0,0,0,0,0
615,Player_12_32,K,Green Bay Packers,12,0,0,0,0,0,0
616,Player_12_33,WR,Green Bay Packers,12,0,0,142,1,4241,14
617,Player_12_34,QB,Green Bay Packers,12,6817,68,3198,21,0,0
618,Player_12_35,OL,Green Bay Packers,12,0,0,0,0,0,0
619,Player_12_36,CB,Green Bay Packers,12,0,0,0,0,0,0
620,Player_12_37,LB,Green Bay Packers,12,0,0,0,0,0,0
621,Player_12_38,DL,Green Bay Packers,12,0,0,0,0,0,0
622,Player_12_39,TE,Green Bay Packers,12,0,0,0,0,3301,28
623,Player_12_40,WR,Green Bay Packers,12,0,0,100,0,11833,77
624,Player_12_41,S,Green Bay Packers,12,0,0,0,0,0,0
625,Player_12_42,S,Green Bay Packers,12,0,0,0,0,0,0
626,Player_12_43,QB,Green Bay Packers,12,28318,283,1295,9,0,0
627,Player_12_44,DL,Green Bay Packers,12,0,0,0,0,0,0
628,Player_12_45,QB,Green Bay Packers,12,35024,350,3738,25,0,0
629,Player_12_46,OL,Green Bay Packers,12,0,0,0,0,0,0
630,Player_12_47,WR,Green Bay Packers,12,0,0,85,0,2407,17
631,Player_12_48,S,Green Bay Packers,12,0,0,0,0,0,0
632,Player_12_49,CB,Green Bay Packers,12,0,0,0,0,0,0
633,Player_12_50,S,Green Bay Packers,12,0,0,0,0,0,0
634,Player_12_51,DL,Green Bay Packers,12,0,0,0,0,0,0
635,Player_12_52,WR,Green Bay Packers,12,0,0,66,0,3425,33
636,Player_12_53,OL,Green Bay Packers,12,0,0,0,0,0,0
637,Player_13_1,QB,Houston Texans,13,22963,230,2270,15,0,0
638,Player_13_2,DL,Houston Texans,13,0,0,0,0,0,0
639,Player_13_3,RB,Houston Texans,13,0,0,9692,88,4659,59
640,Player_13_4,S,Houston Texans,13,0,0,0,0,0,0
641,Player_13_5,OL,Houston Texans,13,0,0,0,0,0,0
642,Player_13_6,RB,Houston Texans,13,0,0,3780,33,2916,36
643,Player_13_7,S,Houston Texans,13,0,0,0,0,0,0
644,Player_13_8,RB,Houston Texans,13,0,0,4618,53,879,6
645,Player_13_9,S,Houston Texans,13,0,0,0,0,0,0
646,Player_13_10,LB,Houston Texans,13,0,0,0,0,0,0
647,Player_13_11,TE,Houston Texans,13,0,0,0,0,7518,32
648,Player_13_12,OL,Houston Texans,13,0,0,0,0,0,0
649,Player_13_13,TE,Houston Texans,13,0,0,0,0,8314,80
650,Player_13_14,S,Houston Texans,13,0,0,0,0,0,0
651,Player_13_15,DL,Houston Texans,13,0,0,0,0,0,0
652,Player_13_16,DL,Houston Texans,13,0,0,0,0,0,0
653,Player_13_17,K,Houston Texans,13,0,0,0,0,0,0
654,Player_13_18,RB,Houston Texans,13,0,0,1776,23,706,7
655,Player_13_19,DL,Houston Texans,13,0,0,0,0,0,0
656,Player_13_20,LB,Houston Texans,13,0,0,0,0,0,0
657,Player_13_21,K,Houston Texans,13,0,0,0,0,0,0
658,Player_13_22,LB,Houston Texans,13,0,0,0,0,0,0
659,Player_13_23,LB,Houston Texans,13,0,0,0,0,0,0
660,Player_13_24,LB,Houston Texans,13,0,0,0,0,0,0
661,Player_13_25,LB,Houston Texans,13,0,0,0,0,0,0
662,Player_13_26,S,Houston Texans,13,0,0,0,0,0,0
663,Player_13_27,TE,Houston Texans,13,0,0,0,0,3756,29
664,Player_13_28,TE,Houston Texans,13,0,0,0,0,5506,38
665,Player_13_29,TE,Houston Texans,13,0,0,0,0,7536,25
666,Player_13_30,K,Houston Texans,13,0,0,0,0,0,0
667,Player_13_31,TE,Houston Texans,13,0,0,0,0,2460,17
668,Player_13_32,WR,Houston Texans,13,0,0,50,0,6271,52
669,Player_13_33,S,Houston Texans,13,0,0,0,0,0,0
670,Player_13_34,WR,Houston Texans,13,0,0,42,0,5515,31
671,Player_13_35,DL,Houston Texans,13,0,0,0,0,0,0
672,Player_13_36,CB,Houston Texans,13,0,0,0,0,0,0
673,Player_13_37,CB,Houston Texans,13,0,0,0,0,0,0
674,Player_13_38,OL,Houston Texans,13,0,0,0,0,0,0
675,Player_13_39,CB,Houston Texans,13,0,0,0,0,0,0
676,Player_13_40,TE,Houston Texans,13,0,0,0,0,8077,46
677,Player_13_41,CB,Houston Texans,13,0,0,0,0,0,0
678,Player_13_42,TE,Houston Texans,13,0,0,0,0,1851,10
679,Player_13_43,QB,Houston Texans,13,5130,51,3645,24,0,0
680,Player_13_44,WR,Houston Texans,13,0,0,64,0,4092,17
681,Player_13_45,K,Houston Texans,13,0,0,0,0,0,0
682,Player_13_46,DL,Houston Texans,13,0,0,0,0,0,0
683,Player_13_47,CB,Houston Texans,13,0,0,0,0,0,0
684,Player_13_48,CB,Houston Texans,13,0,0,0,0,0,0
685,Player_13_49,WR,Houston Texans,13,0,0,121,1,6461,31
686,Player_13_50,CB,Houston Texans,13,0,0,0,0,0,0
687,Player_13_51,S,Houston Texans,13,0,0,0,0,0,0
688,Player_13_52,S,Houston Texans,13,0,0,0,0,0,0
689,Player_13_53,CB,Houston Texans,13,0,0,0,0,0,0
690,Player_14_1,WR,Indianapolis Colts,14,0,0,42,0,8784,33
691,Player_14_2,WR,Indianapolis Colts,14,0,0,54,0,8257,70
692,Player_14_3,QB,Indianapolis Colts,14,7673,77,3844,26,0,0
693,Player_14_4,LB,Indianapolis Colts,14,0,0,0,0,0,0
694,Player_14_5,OL,Indianapolis Colts,14,0,0,0,0,0,0
695,Player_14_6,OL,Indianapolis Colts,14,0,0,0,0,0,0
696,Player_14_7,OL,Indianapolis Colts,14,0,0,0,0,0,0
697,Player_14_8,LB,Indianapolis Colts,14,0,0,0,0,0,0
698,Player_14_9,K,Indianapolis Colts,14,0,0,0,0,0,0
699,Player_14_10,S,Indianapolis Colts,14,0,0,0,0,0,0
700,Player_14_11,QB,Indianapolis Colts,14,40375,404,1811,12,0,0
701,Player_14_12,P,Indianapolis Colts,14,0,0,0,0,0,0
702,Player_14_13,LB,Indianapolis Colts,14,0,0,0,0,0,0
703,Player_14_14,WR,Indianapolis Colts,14,0,0,52,1,8917,67
704,Player_14_15,CB,Indianapolis Colts,14,0,0,0,0,0,0
705,Player_14_16,TE,Indianapolis Colts,14,0,0,0,0,4438,28
706,Player_14_17,TE,Indianapolis Colts,14,0,0,0,0,5354,19
707,Player_14_18,S,Indianapolis Colts,14,0,0,0,0,0,0
708,Player_14_19,OL,Indianapolis Colts,14,0,0,0,0,0,0
709,Player_14_20,WR,Indianapolis Colts,14,0,0,6,0,5894,42
710,Player_14_21,WR,Indianapolis Colts,14,0,0,19,0,3369,23
711,Player_14_22,TE,Indianapolis Colts,14,0,0,0,0,9361,93
712,Player_14_23,LB,Indianapolis Colts,14,0,0,0,0,0,0
713,Player_14_24,RB,Indianapolis Colts,14,0,0,7350,86,2064,24
714,Player_14_25,S,Indianapolis Colts,14,0,0,0,0,0,0
715,Player_14_26,WR,Indianapolis Colts,14,0,0,75,1,10988,98
716,Player_14_27,QB,Indianapolis Colts,14,1722,17,1308,9,0,0
717,Player_14_28,TE,Indianapolis Colts,14,0,0,0,0,4925,46
718,Player_14_29,OL,Indianapolis Colts,14,0,0,0,0,0,0
719,Player_14_30,P,Indianapolis Colts,14,0,0,0,0,0,0
720,Player_14_31,DL,Indianapolis Colts,14,0,0,0,0,0,0
721,Player_14_32,CB,Indianapolis Colts,14,0,0,0,0,0,0
722,Player_14_33,K,Indianapolis Colts,14,0,0,0,0,0,0
723,Player_14_34,RB,Indianapolis Colts,14,0,0,4214,56,2189,15
724,Player_14_35,K,Indianapolis Colts,14,0,0,0,0,0,0
725,Player_14_36,OL,Indianapolis Colts,14,0,0,0,0,0,0
726,Player_14_37,S,Indianapolis Colts,14,0,0,0,0,0,0
727,Player_14_38,CB,Indianapolis Colts,14,0,0,0,0,0,0
728,Player_14_39,WR,Indianapolis Colts,14,0,0,117,0,7620,26
729,Player_14_40,OL,Indianapolis Colts,14,0,0,0,0,0,0
730,Player_14_41,S,Indianapolis Colts,14,0,0,0,0,0,0
731,Player_14_42,OL,Indianapolis Colts,14,0,0,0,0,0,0
732,Player_14_43,WR,Indianapolis Colts,14,0,0,15,0,4108,12
733,Player_14_44,LB,Indianapolis Colts,14,0,0,0,0,0,0
734,Player_14_45,S,Indianapolis Colts,14,0,0,0,0,0,0
735,Player_14_46,K,Indianapolis Colts,14,0,0,0,0,0,0
736,Player_14_47,P,Indianapolis Colts,14,0,0,0,0,0,0
737,Player_14_48,DL,Indianapolis Colts,14,0,0,0,0,0,0
738,Player_14_49,WR,Indianapolis Colts,14,0,0,149,1,6755,43
739,Player_14_50,OL,Indianapolis Colts,14,0,0,0,0,0,0
740,Player_14_51,OL,Indianapolis Colts,14,0,0,0,0,0,0
741,Player_14_52,RB,Indianapolis Colts,14,0,0,6646,65,3834,32
742,Player_14_53,OL,Indianapolis Colts,14,0,0,0,0,0,0
743,Player_15_1,WR,Jacksonville Jaguars,15,0,0,127,2,190,1
744,Player_15_2,RB,Jacksonville Jaguars,15,0,0,526,7,410,4
745,Player_15_3,QB,Jacksonville Jaguars,15,11896,119,2277,15,0,0
746,Player_15_4,LB,Jacksonville Jaguars,15,0,0,0,0,0,0
747,Player_15_5,QB,Jacksonville Jaguars,15,38275,383,3777,25,0,0
748,Player_15_6,RB,Jacksonville Jaguars,15,0,0,1041,11,203,2
749,Player_15_7,QB,Jacksonville Jaguars,15,49893,499,631,4,0,0
750,Player_15_8,RB,Jacksonville Jaguars,15,0,0,5206,69,1401,12
751,Player_15_9,QB,Jacksonville Jaguars,15,16280,163,1086,7,0,0
752,Player_15_10,WR,Jacksonville Jaguars,15,0,0,130,1,7492,67
753,Player_15_11,TE,Jacksonville Jaguars,15,0,0,0,0,5343,32
754,Player_15_12,S,Jacksonville Jaguars,15,0,0,0,0,0,0
755,Player_15_13,RB,Jacksonville Jaguars,15,0,0,10454,135,5957,77
756,Player_15_14,CB,Jacksonville Jaguars,15,0,0,0,0,0,0
757,Player_15_15,OL,Jacksonville Jaguars,15,0,0,0,0,0,0
758,Player_15_16,RB,Jacksonville Jaguars,15,0,0,7046,86,4972,46
759,Player_15_17,QB,Jacksonville Jaguars,15,24350,244,2883,19,0,0
760,Player_15_18,CB,Jacksonville Jaguars,15,0,0,0,0,0,0
761,Player_15_19,S,Jacksonville Jaguars,15,0,0,0,0,0,0
762,Player_15_20,LB,Jacksonville Jaguars,15,0,0,0,0,0,0
763,Player_15_21,LB,Jacksonville Jaguars,15,0,0,0,0,0,0
764,Player_15_22,RB,Jacksonville Jaguars,15,0,0,9236,72,7852,57
765,Player_15_23,OL,Jacksonville Jaguars,15,0,0,0,0,0,0
766,Player_15_24,LB,Jacksonville Jaguars,15,0,0,0,0,0,0
767,Player_15_25,RB,Jacksonville Jaguars,15,0,0,10822,89,551,4
768,Player_15_26,TE,Jacksonville Jaguars,15,0,0,0,0,9146,77
769,Player_15_27,TE,Jacksonville Jaguars,15,0,0,0,0,3016,29
770,Player_15_28,QB,Jacksonville Jaguars,15,22064,221,2163,14,0,0
771,Player_15_29,OL,Jacksonville Jaguars,15,0,0,0,0,0,0
772,Player_15_30,QB,Jacksonville Jaguars,15,19434,194,2243,15,0,0
773,Player_15_31,TE,Jacksonville Jaguars,15,0,0,0,0,1002,4
774,Player_15_32,CB,Jacksonville Jaguars,15,0,0,0,0,0,0
775,Player_15_33,DL,Jacksonville Jaguars,15,0,0,0,0,0,0
776,Player_15_34,S,Jacksonville Jaguars,15,0,0,0,0,0,0
777,Player_15_35,CB,Jacksonville Jaguars,15,0,0,0,0,0,0
778,Player_15_36,WR,Jacksonville Jaguars,15,0,0,131,0,3085,14
779,Player_15_37,OL,Jacksonville Jaguars,15,0,0,0,0,0,0
780,Player_15_38,RB,Jacksonville Jaguars,15,0,0,4057,37,515,4
781,Player_15_39,WR,Jacksonville Jaguars,15,0,0,61,1,2031,12
782,Player_15_40,LB,Jacksonville Jaguars,15,0,0,0,0,0,0
783,Player_15_41,S,Jacksonville Jaguars,15,0,0,0,0,0,0
784,Player_15_42,WR,Jacksonville Jaguars,15,0,0,35,0,4554,31
785,Player_15_43,P,Jacksonville Jaguars,15,0,0,0,0,0,0
786,Player_15_44,S,Jacksonville Jaguars,15,0,0,0,0,0,0
787,Player_15_45,WR,Jacksonville Jaguars,15,0,0,52,1,11972,57
788,Player_15_46,P,Jacksonville Jaguars,15,0,0,0,0,0,0
789,Player_15_47,LB,Jacksonville Jaguars,15,0,0,0,0,0,0
790,Player_15_48,CB,Jacksonville Jaguars,15,0,0,0,0,0,0
791,Player_15_49,K,Jacksonville Jaguars,15,0,0,0,0,0,0
792,Player_15_50,QB,Jacksonville Jaguars,15,29089,291,2953,20,0,0
793,Player_15_51,S,Jacksonville Jaguars,15,0,0,0,0,0,0
794,Player_15_52,DL,Jacksonville Jaguars,15,0,0,0,0,0,0
795,Player_15_53,CB,Jacksonville Jaguars,15,0,0,0,0,0,0
796,Player_16_1,RB,Kansas City Chiefs,16,0,0,5539,50,2193,19
797,Player_16_2,P,Kansas City Chiefs,16,0,0,0,0,0,0
798,Player_16_3,RB,Kansas City Chiefs,16,0,0,11736,147,696,9
799,Player_16_4,P,Kansas City Chiefs,16,0,0,0,0,0,0
800,Player_16_5,OL,Kansas City Chiefs,16,0,0,0,0,0,0
801,Player_16_6,WR,Kansas City Chiefs,16,0,0,69,0,1900,6
802,Player_16_7,TE,Kansas City Chiefs,16,0,0,0,0,4762,15
803,Player_16_8,OL,Kansas City Chiefs,16,0,0,0,0,0,0
804,Player_16_9,LB,Kansas City Chiefs,16,0,0,0,0,0,0
805,Player_16_10,DL,Kansas City Chiefs,16,0,0,0,0,0,0
806,Player_16_11,QB,Kansas City Chiefs,16,16816,168,3253,22,0,0
807,Player_16_12,OL,Kansas City Chiefs,16,0,0,0,0,0,0
808,Player_16_13,OL,Kansas City Chiefs,16,0,0,0,0,0,0
809,Player_16_14,RB,Kansas City Chiefs,16,0,0,7872,67,1679,18
810,Player_16_15,RB,Kansas City Chiefs,16,0,0,9061,114,4109,31
811,Player_16_16,RB,Kansas City Chiefs,16,0,0,606,6,317,3
812,Player_16_17,S,Kansas City Chiefs,16,0,0,0,0,0,0
813,Player_16_18,QB,Kansas City Chiefs,16,8905,89,2834,19,0,0
814,Player_16_19,WR,Kansas City Chiefs,16,0,0,138,2,10047,35
815,Player_16_20,QB,Kansas City Chiefs,16,35214,352,1130,8,0,0
816,Player_16_21,K,Kansas City Chiefs,16,0,0,0,0,0,0
817,Player_16_22,K,Kansas City Chiefs,16,0,0,0,0,0,0
818,Player_16_23,K,Kansas City Chiefs,16,0,0,0,0,0,0
819,Player_16_24,WR,Kansas City Chiefs,16,0,0,102,2,7877,40
820,Player_16_25,WR,Kansas City Chiefs,16,0,0,97,1,8316,57
821,Player_16_26,K,Kansas City Chiefs,16,0,0,0,0,0,0
822,Player_16_27,S,Kansas City Chiefs,16,0,0,0,0,0,0
823,Player_16_28,TE,Kansas City Chiefs,16,0,0,0,0,5758,50
824,Player_16_29,CB,Kansas City Chiefs,16,0,0,0,0,0,0
825,Player_16_30,TE,Kansas City Chiefs,16,0,0,0,0,1257,11
826,Player_16_31,P,Kansas City Chiefs,16,0,0,0,0,0,0
827,Player_16_32,RB,Kansas City Chiefs,16,0,0,891,9,294,3
828,Player_16_33,WR,Kansas City Chiefs,16,0,0,27,0,10551,51
829,Player_16_34,P,Kansas City Chiefs,16,0,0,0,0,0,0
830,Player_16_35,RB,Kansas City Chiefs,16,0,0,2848,30,1914,21
831,Player_16_36,DL,Kansas City Chiefs,16,0,0,0,0,0,0
832,Player_16_37,CB,Kansas City Chiefs,16,0,0,0,0,0,0
833,Player_16_38,QB,Kansas City Chiefs,16,27958,280,147,1,0,0
834,Player_16_39,TE,Kansas City Chiefs,16,0,0,0,0,9129,35
835,Player_16_40,QB,Kansas City Chiefs,16,11236,112,939,6,0,0
836,Player_16_41,WR,Kansas City Chiefs,16,0,0,141,0,1076,7
837,Player_16_42,K,Kansas City Chiefs,16,0,0,0,0,0,0
838,Player_16_43,LB,Kansas City Chiefs,16,0,0,0,0,0,0
839,Player_16_44,QB,Kansas City Chiefs,16,694,7,560,4,0,0
840,Player_16_45,DL,Kansas City Chiefs,16,0,0,0,0,0,0
841,Player_16_46,OL,Kansas City Chiefs,16,0,0,0,0,0,0
842,Player_16_47,CB,Kansas City Chiefs,16,0,0,0,0,0,0
843,Player_16_48,OL,Kansas City Chiefs,16,0,0,0,0,0,0
844,Player_16_49,CB,Kansas City Chiefs,16,0,0,0,0,0,0
845,Player_16_50,TE,Kansas City Chiefs,16,0,0,0,0,3797,28
846,Player_16_51,DL,Kansas City Chiefs,16,0,0,0,0,0,0
847,Player_16_52,DL,Kansas City Chiefs,16,0,0,0,0,0,0
848,Player_16_53,S,Kansas City Chiefs,16,0,0,0,0,0,0
849,Player_17_1,RB,Las Vegas Raiders,17,0,0,4928,54,2823,19
850,Player_17_2,LB,Las Vegas Raiders,17,0,0,0,0,0,0
851,Player_17_3,CB,Las Vegas Raiders,17,0,0,0,0,0,0
852,Player_17_4,OL,Las Vegas Raiders,17,0,0,0,0,0,0
853,Player_17_5,CB,Las Vegas Raiders,17,0,0,0,0,0,0
854,Player_17_6,OL,Las Vegas Raiders,17,0,0,0,0,0,0
855,Player_17_7,QB,Las Vegas Raiders,17,4823,48,3857,26,0,0
856,Player_17_8,P,Las Vegas Raiders,17,0,0,0,0,0,0
857,Player_17_9,K,Las Vegas Raiders,17,0,0,0,0,0,0
858,Player_17_10,TE,Las Vegas Raiders,17,0,0,0,0,1080,5
859,Player_17_11,S,Las Vegas Raiders,17,0,0,0,0,0,0
860,Player_17_12,S,Las Vegas Raiders,17,0,0,0,0,0,0
861,Player_17_13,LB,Las Vegas Raiders,17,0,0,0,0,0,0
862,Player_17_14,P,Las Vegas Raiders,17,0,0,0,0,0,0
863,Player_17_15,QB,Las Vegas Raiders,17,48865,489,1814,12,0,0
864,Player_17_16,S,Las Vegas Raiders,17,0,0,0,0,0,0
865,Player_17_17,P,Las Vegas Raiders,17,0,0,0,0,0,0
866,Player_17_18,OL,Las Vegas Raiders,17,0,0,0,0,0,0
867,Player_17_19,K,Las Vegas Raiders,17,0,0,0,0,0,0
868,Player_17_20,WR,Las Vegas Raiders,17,0,0,87,1,2064,16
869,Player_17_21,K,Las Vegas Raiders,17,0,0,0,0,0,0
870,Player_17_22,P,Las Vegas Raiders,17,0,0,0,0,0,0
871,Player_17_23,DL,Las Vegas Raiders,17,0,0,0,0,0,0
872,Player_17_24,S,Las Vegas Raiders,17,0,0,0,0,0,0
873,Player_17_25,S,Las Vegas Raiders,17,0,0,0,0,0,0
874,Player_17_26,QB,Las Vegas Raiders,17,36838,368,2756,18,0,0
875,Player_17_27,QB,Las Vegas Raiders,17,49905,499,948,6,0,0
876,Player_17_28,TE,Las Vegas Raiders,17,0,0,0,0,8946,29
877,Player_17_29,LB,Las Vegas Raiders,17,0,0,0,0,0,0
878,Player_17_30,K,Las Vegas Raiders,17,0,0,0,0,0,0
879,Player_17_31,OL,Las Vegas Raiders,17,0,0,0,0,0,0
880,Player_17_32,S,Las Vegas Raiders,17,0,0,0,0,0,0
881,Player_17_33,K,Las Vegas Raiders,17,0,0,0,0,0,0
882,Player_17_34,OL,Las Vegas Raiders,17,0,0,0,0,0,0
883,Player_17_35,QB,Las Vegas Raiders,17,45891,459,3669,24,0,0
884,Player_17_36,S,Las Vegas Raiders,17,0,0,0,0,0,0
885,Player_17_37,K,Las Vegas Raiders,17,0,0,0,0,0,0
886,Player_17_38,K,Las Vegas Raiders,17,0,0,0,0,0,0
887,Player_17_39,K,Las Vegas Raiders,17,0,0,0,0,0,0
888,Player_17_40,S,Las Vegas Raiders,17,0,0,0,0,0,0
889,Player_17_41,OL,Las Vegas Raiders,17,0,0,0,0,0,0
890,Player_17_42,K,Las Vegas Raiders,17,0,0,0,0,0,0
891,Player_17_43,TE,Las Vegas Raiders,17,0,0,0,0,690,3
892,Player_17_44,K,Las Vegas Raiders,17,0,0,0,0,0,0
893,Player_17_45,CB,Las Vegas Raiders,17,0,0,0,0,0,0
894,Player_17_46,P,Las Vegas Raiders,17,0,0,0,0,0,0
895,Player_17_47,QB,Las Vegas Raiders,17,38872,389,2569,17,0,0
896,Player_17_48,K,Las Vegas Raiders,17,0,0,0,0,0,0
897,Player_17_49,QB,Las Vegas Raiders,17,27306,273,3358,22,0,0
898,Player_17_50,S,Las Vegas Raiders,17,0,0,0,0,0,0
899,Player_17_51,TE,Las Vegas Raiders,17,0,0,0,0,1090,6
900,Player_17_52,OL,Las Vegas Raiders,17,0,0,0,0,0,0
901,Player_17_53,OL,Las Vegas Raiders,17,0,0,0,0,0,0
902,Player_18_1,OL,Los Angeles Chargers,18,0,0,0,0,0,0
903,Player_18_2,P,Los Angeles Chargers,18,0,0,0,0,0,0
904,Player_18_3,S,Los Angeles Chargers,18,0,0,0,0,0,0
905,Player_18_4,CB,Los Angeles Chargers,18,0,0,0,0,0,0
906,Player_18_5,CB,Los Angeles Chargers,18,0,0,0,0,0,0
907,Player_18_6,TE,Los Angeles Chargers,18,0,0,0,0,2572,15
908,Player_18_7,TE,Los Angeles Chargers,18,0,0,0,0,6363,40
909,Player_18_8,OL,Los Angeles Chargers,18,0,0,0,0,0,0
910,Player_18_9,CB,Los Angeles Chargers,18,0,0,0,0,0,0
911,Player_18_10,RB,Los Angeles Chargers,18,0,0,5523,73,4823,62
912,Player_18_11,K,Los Angeles Chargers,18,0,0,0,0,0,0
913,Player_18_12,OL,Los Angeles Chargers,18,0,0,0,0,0,0
914,Player_18_13,CB,Los Angeles Chargers,18,0,0,0,0,0,0
915,Player_18_14,CB,Los Angeles Chargers,18,0,0,0,0,0,0
916,Player_18_15,P,Los Angeles Chargers,18,0,0,0,0,0,0
917,Player_18_16,RB,Los Angeles Chargers,18,0,0,6679,77,1185,8
918,Player_18_17,WR,Los Angeles Chargers,18,0,0,103,2,6258,57
919,Player_18_18,S,Los Angeles Chargers,18,0,0,0,0,0,0
920,Player_18_19,OL,Los Angeles Chargers,18,0,0,0,0,0,0
921,Player_18_20,RB,Los Angeles Chargers,18,0,0,1757,20,1162,15
922,Player_18_21,OL,Los Angeles Chargers,18,0,0,0,0,0,0
923,Player_18_22,OL,Los Angeles Chargers,18,0,0,0,0,0,0
924,Player_18_23,P,Los Angeles Chargers,18,0,0,0,0,0,0
925,Player_18_24,TE,Los Angeles Chargers,18,0,0,0,0,5109,50
926,Player_18_25,K,Los Angeles Chargers,18,0,0,0,0,0,0
927,Player_18_26,RB,Los Angeles Chargers,18,0,0,11382,122,9510,84
928,Player_18_27,DL,Los Angeles Chargers,18,0,0,0,0,0,0
929,Player_18_28,RB,Los Angeles Chargers,18,0,0,178,2,125,1
930,Player_18_29,RB,Los Angeles Chargers,18,0,0,5306,55,2299,27
931,Player_18_30,WR,Los Angeles Chargers,18,0,0,74,0,7918,23
932,Player_18_31,K,Los Angeles Chargers,18,0,0,0,0,0,0
933,Player_18_32,RB,Los Angeles Chargers,18,0,0,689,5,226,2
934,Player_18_33,LB,Los Angeles Chargers,18,0,0,0,0,0,0
935,Player_18_34,TE,Los Angeles Chargers,18,0,0,0,0,5048,27
936,Player_18_35,CB,Los Angeles Chargers,18,0,0,0,0,0,0
937,Player_18_36,QB,Los Angeles Chargers,18,47964,480,1494,10,0,0
938,Player_18_37,WR,Los Angeles Chargers,18,0,0,49,0,10696,53
939,Player_18_38,K,Los Angeles Chargers,18,0,0,0,0,0,0
940,Player_18_39,CB,Los Angeles Chargers,18,0,0,0,0,0,0
941,Player_18_40,S,Los Angeles Chargers,18,0,0,0,0,0,0
942,Player_18_41,P,Los Angeles Chargers,18,0,0,0,0,0,0
943,Player_18_42,P,Los Angeles Chargers,18,0,0,0,0,0,0
944,Player_18_43,RB,Los Angeles Chargers,18,0,0,9307,93,2959,37
945,Player_18_44,RB,Los Angeles Chargers,18,0,0,1623,18,89,1
946,Player_18_45,LB,Los Angeles Chargers,18,0,0,0,0,0,0
947,Player_18_46,P,Los Angeles Chargers,18,0,0,0,0,0,0
948,Player_18_47,WR,Los Angeles Chargers,18,0,0,111,2,4106,33
949,Player_18_48,K,Los Angeles Chargers,18,0,0,0,0,0,0
950,Player_18_49,DL,Los Angeles Chargers,18,0,0,0,0,0,0
951,Player_18_50,S,Los Angeles Chargers,18,0,0,0,0,0,0
952,Player_18_51,S,Los Angeles Chargers,18,0,0,0,0,0,0
953,Player_18_52,K,Los Angeles Chargers,18,0,0,0,0,0,0
954,Player_18_53,DL,Los Angeles Chargers,18,0,0,0,0,0,0
955,Player_19_1,LB,Los Angeles Rams,19,0,0,0,0,0,0
956,Player_19_2,WR,Los Angeles Rams,19,0,0,36,0,6669,50
957,Player_19_3,K,Los Angeles Rams,19,0,0,0,0,0,0
958,Player_19_4,OL,Los Angeles Rams,19,0,0,0,0,0,0
959,Player_19_5,P,Los Angeles Rams,19,0,0,0,0,0,0
960,Player_19_6,TE,Los Angeles Rams,19,0,0,0,0,2302,17
961,Player_19_7,RB,Los Angeles Rams,19,0,0,9085,114,4425,57
962,Player_19_8,DL,Los Angeles Rams,19,0,0,0,0,0,0
963,Player_19_9,P,Los Angeles Rams,19,0,0,0,0,0,0
964,Player_19_10,RB,Los Angeles Rams,19,0,0,901,12,724,9
965,Player_19_11,OL,Los Angeles Rams,19,0,0,0,0,0,0
966,Player_19_12,P,Los Angeles Rams,19,0,0,0,0,0,0
967,Player_19_13,LB,Los Angeles Rams,19,0,0,0,0,0,0
968,Player_19_14,WR,Los Angeles Rams,19,0,0,18,0,6648,65
969,Player_19_15,K,Los Angeles Rams,19,0,0,0,0,0,0
970,Player_19_16,K,Los Angeles Rams,19,0,0,0,0,0,0
971,Player_19_17,TE,Los Angeles Rams,19,0,0,0,0,6657,31
972,Player_19_18,K,Los Angeles Rams,19,0,0,0,0,0,0
973,Player_19_19,LB,Los Angeles Rams,19,0,0,0,0,0,0
974,Player_19_20,DL,Los Angeles Rams,19,0,0,0,0,0,0
975,Player_19_21,P,Los Angeles Rams,19,0,0,0,0,0,0
976,Player_19_22,P,Los Angeles Rams,19,0,0,0,0,0,0
977,Player_19_23,TE,Los Angeles Rams,19,0,0,0,0,6682,52
978,Player_19_24,K,Los Angeles Rams,19,0,0,0,0,0,0
979,Player_19_25,TE,Los Angeles Rams,19,0,0,0,0,7532,38
980,Player_19_26,WR,Los Angeles Rams,19,0,0,34,0,10867,78
981,Player_19_27,WR,Los Angeles Rams,19,0,0,107,1,8649,44
982,Player_19_28,DL,Los Angeles Rams,19,0,0,0,0,0,0
983,Player_19_29,WR,Los Angeles Rams,19,0,0,144,2,8803,46
984,Player_19_30,RB,Los Angeles Rams,19,0,0,7697,84,447,3
985,Player_19_31,DL,Los Angeles Rams,19,0,0,0,0,0,0
986,Player_19_32,LB,Los Angeles Rams,19,0,0,0,0,0,0
987,Player_19_33,TE,Los Angeles Rams,19,0,0,0,0,8853,25
988,Player_19_34,CB,Los Angeles Rams,19,0,0,0,0,0,0
989,Player_19_35,S,Los Angeles Rams,19,0,0,0,0,0,0
990,Player_19_36,RB,Los Angeles Rams,19,0,0,9069,102,6173,65
991,Player_19_37,S,Los Angeles Rams,19,0,0,0,0,0,0
992,Player_19_38,P,Los Angeles Rams,19,0,0,0,0,0,0
993,Player_19_39,LB,Los Angeles Rams,19,0,0,0,0,0,0
994,Player_19_40,DL,Los Angeles Rams,19,0,0,0,0,0,0
995,Player_19_41,OL,Los Angeles Rams,19,0,0,0,0,0,0
996,Player_19_42,K,Los Angeles Rams,19,0,0,0,0,0,0
997,Player_19_43,S,Los Angeles Rams,19,0,0,0,0,0,0
998,Player_19_44,OL,Los Angeles Rams,19,0,0,0,0,0,0
999,Player_19_45,CB,Los Angeles Rams,19,0,0,0,0,0,0
1000,Player_19_46,P,Los Angeles Rams,19,0,0,0,0,0,0
1001,Player_19_47,DL,Los Angeles Rams,19,0,0,0,0,0,0
1002,Player_19_48,S,Los Angeles Rams,19,0,0,0,0,0,0
1003,Player_19_49,LB,Los Angeles Rams,19,0,0,0,0,0,0
1004,Player_19_50,TE,Los Angeles Rams,19,0,0,0,0,9664,88
1005,Player_19_51,S,Los Angeles Rams,19,0,0,0,0,0,0
1006,Player_19_52,RB,Los Angeles Rams,19,0,0,11841,123,2091,25
1007,Player_19_53,CB,Los Angeles Rams,19,0,0,0,0,0,0
1008,Player_20_1,QB,Miami Dolphins,20,23978,240,1961,13,0,0
1009,Player_20_2,LB,Miami Dolphins,20,0,0,0,0,0,0
1010,Player_20_3,CB,Miami Dolphins,20,0,0,0,0,0,0
1011,Player_20_4,WR,Miami Dolphins,20,0,0,65,0,3296,21
1012,Player_20_5,LB,Miami Dolphins,20,0,0,0,0,0,0
1013,Player_20_6,K,Miami Dolphins,20,0,0,0,0,0,0
1014,Player_20_7,LB,Miami Dolphins,20,0,0,0,0,0,0
1015,Player_20_8,RB,Miami Dolphins,20,0,0,4393,34,48,1
1016,Player_20_9,K,Miami Dolphins,20,0,0,0,0,0,0
1017,Player_20_10,QB,Miami Dolphins,20,45131,451,86,1,0,0
1018,Player_20_11,K,Miami Dolphins,20,0,0,0,0,0,0
1019,Player_20_12,RB,Miami Dolphins,20,0,0,11864,142,6285,45
1020,Player_20_13,S,Miami Dolphins,20,0,0,0,0,0,0
1021,Player_20_14,OL,Miami Dolphins,20,0,0,0,0,0,0
1022,Player_20_15,OL,Miami Dolphins,20,0,0,0,0,0,0
1023,Player_20_16,S,Miami Dolphins,20,0,0,0,0,0,0
1024,Player_20_17,TE,Miami Dolphins,20,0,0,0,0,7344,73
1025,Player_20_18,CB,Miami Dolphins,20,0,0,0,0,0,0
1026,Player_20_19,LB,Miami Dolphins,20,0,0,0,0,0,0
1027,Player_20_20,DL,Miami Dolphins,20,0,0,0,0,0,0
1028,Player_20_21,WR,Miami Dolphins,20,0,0,50,1,4907,17
1029,Player_20_22,S,Miami Dolphins,20,0,0,0,0,0,0
1030,Player_20_23,LB,Miami Dolphins,20,0,0,0,0,0,0
1031,Player_20_24,OL,Miami Dolphins,20,0,0,0,0,0,0
1032,Player_20_25,S,Miami Dolphins,20,0,0,0,0,0,0
1033,Player_20_26,OL,Miami Dolphins,20,0,0,0,0,0,0
1034,Player_20_27,TE,Miami Dolphins,20,0,0,0,0,4694,24
1035,Player_20_28,LB,Miami Dolphins,20,0,0,0,0,0,0
1036,Player_20_29,DL,Miami Dolphins,20,0,0,0,0,0,0
1037,Player_20_30,TE,Miami Dolphins,20,0,0,0,0,5963,44
1038,Player_20_31,QB,Miami Dolphins,20,23692,237,1252,8,0,0
1039,Player_20_32,S,Miami Dolphins,20,0,0,0,0,0,0
1040,Player_20_33,CB,Miami Dolphins,20,0,0,0,0,0,0
1041,Player_20_34,S,Miami Dolphins,20,0,0,0,0,0,0
1042,Player_20_35,S,Miami Dolphins,20,0,0,0,0,0,0
1043,Player_20_36,S,Miami Dolphins,20,0,0,0,0,0,0
1044,Player_20_37,WR,Miami Dolphins,20,0,0,130,2,9484,90
1045,Player_20_38,LB,Miami Dolphins,20,0,0,0,0,0,0
1046,Player_20_39,S,Miami Dolphins,20,0,0,0,0,0,0
1047,Player_20_40,QB,Miami Dolphins,20,12659,127,1214,8,0,0
1048,Player_20_41,CB,Miami Dolphins,20,0,0,0,0,0,0
1049,Player_20_42,CB,Miami Dolphins,20,0,0,0,0,0,0
1050,Player_20_43,QB,Miami Dolphins,20,25775,258,2133,14,0,0
1051,Player_20_44,TE,Miami Dolphins,20,0,0,0,0,2461,7
1052,Player_20_45,DL,Miami Dolphins,20,0,0,0,0,0,0
1053,Player_20_46,OL,Miami Dolphins,20,0,0,0,0,0,0
1054,Player_20_47,CB,Miami Dolphins,20,0,0,0,0,0,0
1055,Player_20_48,K,Miami Dolphins,20,0,0,0,0,0,0
1056,Player_20_49,QB,Miami Dolphins,20,41122,411,3238,22,0,0
1057,Player_20_50,LB,Miami Dolphins,20,0,0,0,0,0,0
1058,Player_20_51,CB,Miami Dolphins,20,0,0,0,0,0,0
1059,Player_20_52,QB,Miami Dolphins,20,15851,159,1635,11,0,0
1060,Player_20_53,S,Miami Dolphins,20,0,0,0,0,0,0
1061,Player_21_1,QB,Minnesota Vikings,21,28365,284,1809,12,0,0
1062,Player_21_2,RB,Minnesota Vikings,21,0,0,1474,14,53,1
1063,Player_21_3,TE,Minnesota Vikings,21,0,0,0,0,8956,51
1064,Player_21_4,P,Minnesota Vikings,21,0,0,0,0,0,0
1065,Player_21_5,P,Minnesota Vikings,21,0,0,0,0,0,0
1066,Player_21_6,OL,Minnesota Vikings,21,0,0,0,0,0,0
1067,Player_21_7,S,Minnesota Vikings,21,0,0,0,0,0,0
1068,Player_21_8,S,Minnesota Vikings,21,0,0,0,0,0,0
1069,Player_21_9,CB,Minnesota Vikings,21,0,0,0,0,0,0
1070,Player_21_10,OL,Minnesota Vikings,21,0,0,0,0,0,0
1071,Player_21_11,DL,Minnesota Vikings,21,0,0,0,0,0,0
1072,Player_21_12,K,Minnesota Vikings,21,0,0,0,0,0,0
1073,Player_21_13,K,Minnesota Vikings,21,0,0,0,0,0,0
1074,Player_21_14,LB,Minnesota Vikings,21,0,0,0,0,0,0
1075,Player_21_15,WR,Minnesota Vikings,21,0,0,131,0,8035,24
1076,Player_21_16,TE,Minnesota Vikings,21,0,0,0,0,311,2
1077,Player_21_17,TE,Minnesota Vikings,21,0,0,0,0,7045,60
1078,Player_21_18,S,Minnesota Vikings,21,0,0,0,0,0,0
1079,Player_21_19,TE,Minnesota Vikings,21,0,0,0,0,1684,13
1080,Player_21_20,RB,Minnesota Vikings,21,0,0,10883,80,8885,91
1081,Player_21_21,RB,Minnesota Vikings,21,0,0,5079,52,622,8
1082,Player_21_22,P,Minnesota Vikings,21,0,0,0,0,0,0
1083,Player_21_23,TE,Minnesota Vikings,21,0,0,0,0,5814,47
1084,Player_21_24,K,Minnesota Vikings,21,0,0,0,0,0,0
1085,Player_21_25,DL,Minnesota Vikings,21,0,0,0,0,0,0
1086,Player_21_26,CB,Minnesota Vikings,21,0,0,0,0,0,0
1087,Player_21_27,P,Minnesota Vikings,21,0,0,0,0,0,0
1088,Player_21_28,P,Minnesota Vikings,21,0,0,0,0,0,0
1089,Player_21_29,LB,Minnesota Vikings,21,0,0,0,0,0,0
1090,Player_21_30,DL,Minnesota Vikings,21,0,0,0,0,0,0
1091,Player_21_31,RB,Minnesota Vikings,21,0,0,9690,102,3204,30
1092,Player_21_32,LB,Minnesota Vikings,21,0,0,0,0,0,0
1093,Player_21_33,P,Minnesota Vikings,21,0,0,0,0,0,0
1094,Player_21_34,OL,Minnesota Vikings,21,0,0,0,0,0,0
1095,Player_21_35,LB,Minnesota Vikings,21,0,0,0,0,0,0
1096,Player_21_36,LB,Minnesota Vikings,21,0,0,0,0,0,0
1097,Player_21_37,CB,Minnesota Vikings,21,0,0,0,0,0,0
1098,Player_21_38,LB,Minnesota Vikings,21,0,0,0,0,0,0
1099,Player_21_39,LB,Minnesota Vikings,21,0,0,0,0,0,0
1100,Player_21_40,QB,Minnesota Vikings,21,29947,299,1536,10,0,0
1101,Player_21_41,RB,Minnesota Vikings,21,0,0,6261,82,4104,51
1102,Player_21_42,P,Minnesota Vikings,21,0,0,0,0,0,0
1103,Player_21_43,LB,Minnesota Vikings,21,0,0,0,0,0,0
1104,Player_21_44,S,Minnesota Vikings,21,0,0,0,0,0,0
1105,Player_21_45,OL,Minnesota Vikings,21,0,0,0,0,0,0
1106,Player_21_46,RB,Minnesota Vikings,21,0,0,1774,22,45,1
1107,Player_21_47,TE,Minnesota Vikings,21,0,0,0,0,8853,56
1108,Player_21_48,TE,Minnesota Vikings,21,0,0,0,0,563,3
1109,Player_21_49,OL,Minnesota Vikings,21,0,0,0,0,0,0
1110,Player_21_50,QB,Minnesota Vikings,21,43839,438,141,1,0,0
1111,Player_21_51,P,Minnesota Vikings,21,0,0,0,0,0,0
1112,Player_21_52,WR,Minnesota Vikings,21,0,0,67,1,3560,35
1113,Player_21_53,P,Minnesota Vikings,21,0,0,0,0,0,0
1114,Player_22_1,QB,New England Patriots,22,19759,198,1601,11,0,0
1115,Player_22_2,OL,New England Patriots,22,0,0,0,0,0,0
1116,Player_22_3,LB,New England Patriots,22,0,0,0,0,0,0
1117,Player_22_4,OL,New England Patriots,22,0,0,0,0,0,0
1118,Player_22_5,CB,New England Patriots,22,0,0,0,0,0,0
1119,Player_22_6,P,New England Patriots,22,0,0,0,0,0,0
1120,Player_22_7,CB,New England Patriots,22,0,0,0,0,0,0
1121,Player_22_8,QB,New England Patriots,22,30814,308,1336,9,0,0
1122,Player_22_9,OL,New England Patriots,22,0,0,0,0,0,0
1123,Player_22_10,OL,New England Patriots,22,0,0,0,0,0,0
1124,Player_22_11,OL,New England Patriots,22,0,0,0,0,0,0
1125,Player_22_12,K,New England Patriots,22,0,0,0,0,0,0
1126,Player_22_13,P,New England Patriots,22,0,0,0,0,0,0
1127,Player_22_14,OL,New England Patriots,22,0,0,0,0,0,0
1128,Player_22_15,OL,New England Patriots,22,0,0,0,0,0,0
1129,Player_22_16,P,New England Patriots,22,0,0,0,0,0,0
1130,Player_22_17,LB,New England Patriots,22,0,0,0,0,0,0
1131,Player_22_18,WR,New England Patriots,22,0,0,58,1,5996,15
1132,Player_22_19,RB,New England Patriots,22,0,0,1774,19,70,1
1133,Player_22_20,OL,New England Patriots,22,0,0,0,0,0,0
1134,Player_22_21,QB,New England Patriots,22,47444,474,85,1,0,0
1135,Player_22_22,K,New England Patriots,22,0,0,0,0,0,0
1136,Player_22_23,WR,New England Patriots,22,0,0,69,1,10130,97
1137,Player_22_24,LB,New England Patriots,22,0,0,0,0,0,0
1138,Player_22_25,DL,New England Patriots,22,0,0,0,0,0,0
1139,Player_22_26,K,New England Patriots,22,0,0,0,0,0,0
1140,Player_22_27,DL,New England Patriots,22,0,0,0,0,0,0
1141,Player_22_28,WR,New England Patriots,22,0,0,46,0,4219,13
1142,Player_22_29,TE,New England Patriots,22,0,0,0,0,1180,3
1143,Player_22_30,WR,New England Patriots,22,0,0,65,0,11851,49
1144,Player_22_31,QB,New England Patriots,22,25136,251,2822,19,0,0
1145,Player_22_32,CB,New England Patriots,22,0,0,0,0,0,0
1146,Player_22_33,WR,New England Patriots,22,0,0,84,0,5904,15
1147,Player_22_34,QB,New England Patriots,22,14373,144,2321,15,0,0
1148,Player_22_35,QB,New England Patriots,22,34596,346,2199,15,0,0
1149,Player_22_36,LB,New England Patriots,22,0,0,0,0,0,0
1150,Player_22_37,P,New England Patriots,22,0,0,0,0,0,0
1151,Player_22_38,WR,New England Patriots,22,0,0,113,1,10766,104
1152,Player_22_39,LB,New England Patriots,22,0,0,0,0,0,0
1153,Player_22_40,DL,New England Patriots,22,0,0,0,0,0,0
1154,Player_22_41,WR,New England Patriots,22,0,0,5,0,6339,35
1155,Player_22_42,OL,New England Patriots,22,0,0,0,0,0,0
1156,Player_22_43,RB,New England Patriots,22,0,0,11058,110,2644,31
1157,Player_22_44,WR,New England Patriots,22,0,0,19,0,1700,16
1158,Player_22_45,S,New England Patriots,22,0,0,0,0,0,0
1159,Player_22_46,DL,New England Patriots,22,0,0,0,0,0,0
1160,Player_22_47,P,New England Patriots,22,0,0,0,0,0,0
1161,Player_22_48,S,New England Patriots,22,0,0,0,0,0,0
1162,Player_22_49,DL,New England Patriots,22,0,0,0,0,0,0
1163,Player_22_50,S,New England Patriots,22,0,0,0,0,0,0
1164,Player_22_51,WR,New England Patriots,22,0,0,92,1,3681,29
1165,Player_22_52,LB,New England Patriots,22,0,0,0,0,0,0
1166,Player_22_53,TE,New England Patriots,22,0,0,0,0,7066,53
1167,Player_23_1,OL,New Orleans Saints,23,0,0,0,0,0,0
1168,Player_23_2,QB,New Orleans Saints,23,46361,464,3123,21,0,0
1169,Player_23_3,QB,New Orleans Saints,23,17165,172,1253,8,0,0
1170,Player_23_4,OL,New Orleans Saints,23,0,0,0,0,0,0
1171,Player_23_5,QB,New Orleans Saints,23,11092,111,945,6,0,0
1172,Player_23_6,LB,New Orleans Saints,23,0,0,0,0,0,0
1173,Player_23_7,P,New Orleans Saints,23,0,0,0,0,0,0
1174,Player_23_8,LB,New Orleans Saints,23,0,0,0,0,0,0
1175,Player_23_9,S,New Orleans Saints,23,0,0,0,0,0,0
1176,Player_23_10,S,New Orleans Saints,23,0,0,0,0,0,0
1177,Player_23_11,CB,New Orleans Saints,23,0,0,0,0,0,0
1178,Player_23_12,DL,New Orleans Saints,23,0,0,0,0,0,0
1179,Player_23_13,CB,New Orleans Saints,23,0,0,0,0,0,0
1180,Player_23_14,CB,New Orleans Saints,23,0,0,0,0,0,0
1181,Player_23_15,LB,New Orleans Saints,23,0,0,0,0,0,0
1182,Player_23_16,OL,New Orleans Saints,23,0,0,0,0,0,0
1183,Player_23_17,P,New Orleans Saints,23,0,0,0,0,0,0
1184,Player_23_18,DL,New Orleans Saints,23,0,0,0,0,0,0
1185,Player_23_19,CB,New Orleans Saints,23,0,0,0,0,0,0
1186,Player_23_20,TE,New Orleans Saints,23,0,0,0,0,3230,32
1187,Player_23_21,OL,New Orleans Saints,23,0,0,0,0,0,0
1188,Player_23_22,LB,New Orleans Saints,23,0,0,0,0,0,0
1189,Player_23_23,QB,New Orleans Saints,23,3081,31,689,5,0,0
1190,Player_23_24,QB,New Orleans Saints,23,10196,102,646,4,0,0
1191,Player_23_25,P,New Orleans Saints,23,0,0,0,0,0,0
1192,Player_23_26,P,New Orleans Saints,23,0,0,0,0,0,0
1193,Player_23_27,LB,New Orleans Saints,23,0,0,0,0,0,0
1194,Player_23_28,QB,New Orleans Saints,23,23489,235,3959,26,0,0
1195,Player_23_29,QB,New Orleans Saints,23,37314,373,3176,21,0,0
1196,Player_23_30,P,New Orleans Saints,23,0,0,0,0,0,0
1197,Player_23_31,K,New Orleans Saints,23,0,0,0,0,0,0
1198,Player_23_32,QB,New Orleans Saints,23,40443,404,2092,14,0,0
1199,Player_23_33,K,New Orleans Saints,23,0,0,0,0,0,0
1200,Player_23_34,K,New Orleans Saints,23,0,0,0,0,0,0
1201,Player_23_35,CB,New Orleans Saints,23,0,0,0,0,0,0
1202,Player_23_36,CB,New Orleans Saints,23,0,0,0,0,0,0
1203,Player_23_37,S,New Orleans Saints,23,0,0,0,0,0,0
1204,Player_23_38,LB,New Orleans Saints,23,0,0,0,0,0,0
1205,Player_23_39,RB,New Orleans Saints,23,0,0,5102,55,2465,32
1206,Player_23_40,K,New Orleans Saints,23,0,0,0,0,0,0
1207,Player_23_41,P,New Orleans Saints,23,0,0,0,0,0,0
1208,Player_23_42,TE,New Orleans Saints,23,0,0,0,0,5498,17
1209,Player_23_43,RB,New Orleans Saints,23,0,0,5158,54,3132,33
1210,Player_23_44,LB,New Orleans Saints,23,0,0,0,0,0,0
1211,Player_23_45,K,New Orleans Saints,23,0,0,0,0,0,0
1212,Player_23_46,RB,New Orleans Saints,23,0,0,7340,49,6551,64
1213,Player_23_47,DL,New Orleans Saints,23,0,0,0,0,0,0
1214,Player_23_48,QB,New Orleans Saints,23,49683,497,2894,19,0,0
1215,Player_23_49,WR,New Orleans Saints,23,0,0,91,1,1507,15
1216,Player_23_50,WR,New Orleans Saints,23,0,0,97,1,11647,65
1217,Player_23_51,CB,New Orleans Saints,23,0,0,0,0,0,0
1218,Player_23_52,K,New Orleans Saints,23,0,0,0,0,0,0
1219,Player_23_53,QB,New Orleans Saints,23,41074,411,616,4,0,0
1220,Player_24_1,OL,New York Giants,24,0,0,0,0,0,0
1221,Player_24_2,S,New York Giants,24,0,0,0,0,0,0
1222,Player_24_3,QB,New York Giants,24,27725,277,2047,14,0,0
1223,Player_24_4,P,New York Giants,24,0,0,0,0,0,0
1224,Player_24_5,DL,New York Giants,24,0,0,0,0,0,0
1225,Player_24_6,QB,New York Giants,24,39800,398,1781,12,0,0
1226,Player_24_7,WR,New York Giants,24,0,0,2,0,431,3
1227,Player_24_8,OL,New York Giants,24,0,0,0,0,0,0
1228,Player_24_9,TE,New York Giants,24,0,0,0,0,5937,22
1229,Player_24_10,S,New York Giants,24,0,0,0,0,0,0
1230,Player_24_11,QB,New York Giants,24,25071,251,681,5,0,0
1231,Player_24_12,LB,New York Giants,24,0,0,0,0,0,0
1232,Player_24_13,WR,New York Giants,24,0,0,133,1,3817,28
1233,Player_24_14,TE,New York Giants,24,0,0,0,0,8504,82
1234,Player_24_15,OL,New York Giants,24,0,0,0,0,0,0
1235,Player_24_16,QB,New York Giants,24,13005,130,1844,12,0,0
1236,Player_24_17,CB,New York Giants,24,0,0,0,0,0,0
1237,Player_24_18,P,New York Giants,24,0,0,0,0,0,0
1238,Player_24_19,WR,New York Giants,24,0,0,91,1,97,1
1239,Player_24_20,S,New York Giants,24,0,0,0,0,0,0
1240,Player_24_21,WR,New York Giants,24,0,0,73,1,4680,41
1241,Player_24_22,P,New York Giants,24,0,0,0,0,0,0
1242,Player_24_23,P,New York Giants,24,0,0,0,0,0,0
1243,Player_24_24,LB,New York Giants,24,0,0,0,0,0,0
1244,Player_24_25,P,New York Giants,24,0,0,0,0,0,0
1245,Player_24_26,K,New York Giants,24,0,0,0,0,0,0
1246,Player_24_27,P,New York Giants,24,0,0,0,0,0,0
1247,Player_24_28,K,New York Giants,24,0,0,0,0,0,0
1248,Player_24_29,CB,New York Giants,24,0,0,0,0,0,0
1249,Player_24_30,P,New York Giants,24,0,0,0,0,0,0
1250,Player_24_31,DL,New York Giants,24,0,0,0,0,0,0
1251,Player_24_32,CB,New York Giants,24,0,0,0,0,0,0
1252,Player_24_33,P,New York Giants,24,0,0,0,0,0,0
1253,Player_24_34,P,New York Giants,24,0,0,0,0,0,0
1254,Player_24_35,OL,New York Giants,24,0,0,0,0,0,0
1255,Player_24_36,LB,New York Giants,24,0,0,0,0,0,0
1256,Player_24_37,CB,New York Giants,24,0,0,0,0,0,0
1257,Player_24_38,K,New York Giants,24,0,0,0,0,0,0
1258,Player_24_39,CB,New York Giants,24,0,0,0,0,0,0
1259,Player_24_40,P,New York Giants,24,0,0,0,0,0,0
1260,Player_24_41,P,New York Giants,24,0,0,0,0,0,0
1261,Player_24_42,LB,New York Giants,24,0,0,0,0,0,0
1262,Player_24_43,QB,New York Giants,24,26435,264,3817,25,0,0
1263,Player_24_44,TE,New York Giants,24,0,0,0,0,8350,83
1264,Player_24_45,LB,New York Giants,24,0,0,0,0,0,0
1265,Player_24_46,WR,New York Giants,24,0,0,112,0,8185,21
1266,Player_24_47,TE,New York Giants,24,0,0,0,0,687,3
1267,Player_24_48,WR,New York Giants,24,0,0,148,2,1790,16
1268,Player_24_49,P,New York Giants,24,0,0,0,0,0,0
1269,Player_24_50,RB,New York Giants,24,0,0,5046,43,1021,13
1270,Player_24_51,TE,New York Giants,24,0,0,0,0,8428,25
1271,Player_24_52,DL,New York Giants,24,0,0,0,0,0,0
1272,Player_24_53,S,New York Giants,24,0,0,0,0,0,0
1273,Player_25_1,WR,New York Jets,25,0,0,34,0,11590,49
1274,Player_25_2,CB,New York Jets,25,0,0,0,0,0,0
1275,Player_25_3,DL,New York Jets,25,0,0,0,0,0,0
1276,Player_25_4,CB,New York Jets,25,0,0,0,0,0,0
1277,Player_25_5,RB,New York Jets,25,0,0,6342,46,4943,49
1278,Player_25_6,CB,New York Jets,25,0,0,0,0,0,0
1279,Player_25_7,CB,New York Jets,25,0,0,0,0,0,0
1280,Player_25_8,OL,New York Jets,25,0,0,0,0,0,0
1281,Player_25_9,S,New York Jets,25,0,0,0,0,0,0
1282,Player_25_10,LB,New York Jets,25,0,0,0,0,0,0
1283,Player_25_11,P,New York Jets,25,0,0,0,0,0,0
1284,Player_25_12,S,New York Jets,25,0,0,0,0,0,0
1285,Player_25_13,K,New York Jets,25,0,0,0,0,0,0
1286,Player_25_14,RB,New York Jets,25,0,0,6116,70,727,8
1287,Player_25_15,RB,New York Jets,25,0,0,8455,72,2216,16
1288,Player_25_16,K,New York Jets,25,0,0,0,0,0,0
1289,Player_25_17,LB,New York Jets,25,0,0,0,0,0,0
1290,Player_25_18,LB,New York Jets,25,0,0,0,0,0,0
1291,Player_25_19,LB,New York Jets,25,0,0,0,0,0,0
1292,Player_25_20,CB,New York Jets,25,0,0,0,0,0,0
1293,Player_25_21,S,New York Jets,25,0,0,0,0,0,0
1294,Player_25_22,TE,New York Jets,25,0,0,0,0,8144,71
1295,Player_25_23,RB,New York Jets,25,0,0,4122,48,2904,23
1296,Player_25_24,LB,New York Jets,25,0,0,0,0,0,0
1297,Player_25_25,RB,New York Jets,25,0,0,407,5,89,1
1298,Player_25_26,DL,New York Jets,25,0,0,0,0,0,0
1299,Player_25_27,K,New York Jets,25,0,0,0,0,0,0
1300,Player_25_28,TE,New York Jets,25,0,0,0,0,1738,15
1301,Player_25_29,RB,New York Jets,25,0,0,6392,83,4009,43
1302,Player_25_30,DL,New York Jets,25,0,0,0,0,0,0
1303,Player_25_31,DL,New York Jets,25,0,0,0,0,0,0
1304,Player_25_32,K,New York Jets,25,0,0,0,0,0,0
1305,Player_25_33,TE,New York Jets,25,0,0,0,0,3407,10
1306,Player_25_34,WR,New York Jets,25,0,0,75,1,10448,86
1307,Player_25_35,DL,New York Jets,25,0,0,0,0,0,0
1308,Player_25_36,P,New York Jets,25,0,0,0,0,0,0
1309,Player_25_37,CB,New York Jets,25,0,0,0,0,0,0
1310,Player_25_38,K,New York Jets,25,0,0,0,0,0,0
1311,Player_25_39,QB,New York Jets,25,33961,340,3934,26,0,0
1312,Player_25_40,S,New York Jets,25,0,0,0,0,0,0
1313,Player_25_41,DL,New York Jets,25,0,0,0,0,0,0
1314,Player_25_42,QB,New York Jets,25,39622,396,1725,12,0,0
1315,Player_25_43,RB,New York Jets,25,0,0,5737,43,4745,49
1316,Player_25_44,RB,New York Jets,25,0,0,2038,14,1824,15
1317,Player_25_45,OL,New York Jets,25,0,0,0,0,0,0
1318,Player_25_46,LB,New York Jets,25,0,0,0,0,0,0
1319,Player_25_47,RB,New York Jets,25,0,0,11346,140,3748,27
1320,Player_25_48,QB,New York Jets,25,45378,454,282,2,0,0
1321,Player_25_49,OL,New York Jets,25,0,0,0,0,0,0
1322,Player_25_50,OL,New York Jets,25,0,0,0,0,0,0
1323,Player_25_51,OL,New York Jets,25,0,0,0,0,0,0
1324,Player_25_52,LB,New York Jets,25,0,0,0,0,0,0
1325,Player_25_53,K,New York Jets,25,0,0,0,0,0,0
1326,Player_26_1,K,Philadelphia Eagles,26,0,0,0,0,0,0
1327,Player_26_2,RB,Philadelphia Eagles,26,0,0,10079,107,331,4
1328,Player_26_3,TE,Philadelphia Eagles,26,0,0,0,0,3877,24
1329,Player_26_4,WR,Philadelphia Eagles,26,0,0,107,2,6862,47
1330,Player_26_5,QB,Philadelphia Eagles,26,20002,200,1523,10,0,0
1331,Player_26_6,WR,Philadelphia Eagles,26,0,0,109,1,3183,20
1332,Player_26_7,P,Philadelphia Eagles,26,0,0,0,0,0,0
1333,Player_26_8,DL,Philadelphia Eagles,26,0,0,0,0,0,0
1334,Player_26_9,LB,Philadelphia Eagles,26,0,0,0,0,0,0
1335,Player_26_10,OL,Philadelphia Eagles,26,0,0,0,0,0,0
1336,Player_26_11,QB,Philadelphia Eagles,26,48421,484,3940,26,0,0
1337,Player_26_12,P,Philadelphia Eagles,26,0,0,0,0,0,0
1338,Player_26_13,WR,Philadelphia Eagles,26,0,0,82,0,5392,26
1339,Player_26_14,TE,Philadelphia Eagles,26,0,0,0,0,2463,11
1340,Player_26_15,CB,Philadelphia Eagles,26,0,0,0,0,0,0
1341,Player_26_16,S,Philadelphia Eagles,26,0,0,0,0,0,0
1342,Player_26_17,OL,Philadelphia Eagles,26,0,0,0,0,0,0
1343,Player_26_18,CB,Philadelphia Eagles,26,0,0,0,0,0,0
1344,Player_26_19,WR,Philadelphia Eagles,26,0,0,47,0,7172,70
1345,Player_26_20,S,Philadelphia Eagles,26,0,0,0,0,0,0
1346,Player_26_21,LB,Philadelphia Eagles,26,0,0,0,0,0,0
1347,Player_26_22,CB,Philadelphia Eagles,26,0,0,0,0,0,0
1348,Player_26_23,CB,Philadelphia Eagles,26,0,0,0,0,0,0
1349,Player_26_24,QB,Philadelphia Eagles,26,21619,216,1220,8,0,0
1350,Player_26_25,QB,Philadelphia Eagles,26,41485,415,3718,25,0,0
1351,Player_26_26,DL,Philadelphia Eagles,26,0,0,0,0,0,0
1352,Player_26_27,TE,Philadelphia Eagles,26,0,0,0,0,6811,62
1353,Player_26_28,OL,Philadelphia Eagles,26,0,0,0,0,0,0
1354,Player_26_29,QB,Philadelphia Eagles,26,27467,275,685,5,0,0
1355,Player_26_30,DL,Philadelphia Eagles,26,0,0,0,0,0,0
1356,Player_26_31,LB,Philadelphia Eagles,26,0,0,0,0,0,0
1357,Player_26_32,S,Philadelphia Eagles,26,0,0,0,0,0,0
1358,Player_26_33,LB,Philadelphia Eagles,26,0,0,0,0,0,0
1359,Player_26_34,K,Philadelphia Eagles,26,0,0,0,0,0,0
1360,Player_26_35,LB,Philadelphia Eagles,26,0,0,0,0,0,0
1361,Player_26_36,CB,Philadelphia Eagles,26,0,0,0,0,0,0
1362,Player_26_37,OL,Philadelphia Eagles,26,0,0,0,0,0,0
1363,Player_26_38,QB,Philadelphia Eagles,26,49835,498,627,4,0,0
1364,Player_26_39,CB,Philadelphia Eagles,26,0,0,0,0,0,0
1365,Player_26_40,QB,Philadelphia Eagles,26,31571,316,196,1,0,0
1366,Player_26_41,OL,Philadelphia Eagles,26,0,0,0,0,0,0
1367,Player_26_42,OL,Philadelphia Eagles,26,0,0,0,0,0,0
1368,Player_26_43,S,Philadelphia Eagles,26,0,0,0,0,0,0
1369,Player_26_44,LB,Philadelphia Eagles,26,0,0,0,0,0,0
1370,Player_26_45,LB,Philadelphia Eagles,26,0,0,0,0,0,0
1371,Player_26_46,S,Philadelphia Eagles,26,0,0,0,0,0,0
1372,Player_26_47,CB,Philadelphia Eagles,26,0,0,0,0,0,0
1373,Player_26_48,K,Philadelphia Eagles,26,0,0,0,0,0,0
1374,Player_26_49,DL,Philadelphia Eagles,26,0,0,0,0,0,0
1375,Player_26_50,CB,Philadelphia Eagles,26,0,0,0,0,0,0
1376,Player_26_51,QB,Philadelphia Eagles,26,43714,437,2137,14,0,0
1377,Player_26_52,CB,Philadelphia Eagles,26,0,0,0,0,0,0
1378,Player_26_53,P,Philadelphia Eagles,26,0,0,0,0,0,0
1379,Player_27_1,S,Pittsburgh Steelers,27,0,0,0,0,0,0
1380,Player_27_2,DL,Pittsburgh Steelers,27,0,0,0,0,0,0
1381,Player_27_3,S,Pittsburgh Steelers,27,0,0,0,0,0,0
1382,Player_27_4,WR,Pittsburgh Steelers,27,0,0,7,0,10344,50
1383,Player_27_5,LB,Pittsburgh Steelers,27,0,0,0,0,0,0
1384,Player_27_6,LB,Pittsburgh Steelers,27,0,0,0,0,0,0
1385,Player_27_7,CB,Pittsburgh Steelers,27,0,0,0,0,0,0
1386,Player_27_8,CB,Pittsburgh Steelers,27,0,0,0,0,0,0
1387,Player_27_9,K,Pittsburgh Steelers,27,0,0,0,0,0,0
1388,Player_27_10,S,Pittsburgh Steelers,27,0,0,0,0,0,0
1389,Player_27_11,S,Pittsburgh Steelers,27,0,0,0,0,0,0
1390,Player_27_12,P,Pittsburgh Steelers,27,0,0,0,0,0,0
1391,Player_27_13,S,Pittsburgh Steelers,27,0,0,0,0,0,0
1392,Player_27_14,CB,Pittsburgh Steelers,27,0,0,0,0,0,0
1393,Player_27_15,K,Pittsburgh Steelers,27,0,0,0,0,0,0
1394,Player_27_16,OL,Pittsburgh Steelers,27,0,0,0,0,0,0
1395,Player_27_17,DL,Pittsburgh Steelers,27,0,0,0,0,0,0
1396,Player_27_18,P,Pittsburgh Steelers,27,0,0,0,0,0,0
1397,Player_27_19,K,Pittsburgh Steelers,27,0,0,0,0,0,0
1398,Player_27_20,S,Pittsburgh Steelers,27,0,0,0,0,0,0
1399,Player_27_21,QB,Pittsburgh Steelers,27,13812,138,1460,10,0,0
1400,Player_27_22,CB,Pittsburgh Steelers,27,0,0,0,0,0,0
1401,Player_27_23,WR,Pittsburgh Steelers,27,0,0,131,2,8538,46
1402,Player_27_24,OL,Pittsburgh Steelers,27,0,0,0,0,0,0
1403,Player_27_25,TE,Pittsburgh Steelers,27,0,0,0,0,3176,9
1404,Player_27_26,WR,Pittsburgh Steelers,27,0,0,4,0,4452,34
1405,Player_27_27,OL,Pittsburgh Steelers,27,0,0,0,0,0,0
1406,Player_27_28,WR,Pittsburgh Steelers,27,0,0,135,1,10680,72
1407,Player_27_29,S,Pittsburgh Steelers,27,0,0,0,0,0,0
1408,Player_27_30,K,Pittsburgh Steelers,27,0,0,0,0,0,0
1409,Player_27_31,DL,Pittsburgh Steelers,27,0,0,0,0,0,0
1410,Player_27_32,QB,Pittsburgh Steelers,27,17511,175,3090,21,0,0
1411,Player_27_33,K,Pittsburgh Steelers,27,0,0,0,0,0,0
1412,Player_27_34,RB,Pittsburgh Steelers,27,0,0,1291,12,12,1
1413,Player_27_35,TE,Pittsburgh Steelers,27,0,0,0,0,5118,51
1414,Player_27_36,K,Pittsburgh Steelers,27,0,0,0,0,0,0
1415,Player_27_37,P,Pittsburgh Steelers,27,0,0,0,0,0,0
1416,Player_27_38,DL,Pittsburgh Steelers,27,0,0,0,0,0,0
1417,Player_27_39,DL,Pittsburgh Steelers,27,0,0,0,0,0,0
1418,Player_27_40,LB,Pittsburgh Steelers,27,0,0,0,0,0,0
1419,Player_27_41,OL,Pittsburgh Steelers,27,0,0,0,0,0,0
1420,Player_27_42,TE,Pittsburgh Steelers,27,0,0,0,0,4443,28
1421,Player_27_43,QB,Pittsburgh Steelers,27,10582,106,3288,22,0,0
1422,Player_27_44,S,Pittsburgh Steelers,27,0,0,0,0,0,0
1423,Player_27_45,CB,Pittsburgh Steelers,27,0,0,0,0,0,0
1424,Player_27_46,OL,Pittsburgh Steelers,27,0,0,0,0,0,0
1425,Player_27_47,CB,Pittsburgh Steelers,27,0,0,0,0,0,0
1426,Player_27_48,WR,Pittsburgh Steelers,27,0,0,27,0,9550,63
1427,Player_27_49,OL,Pittsburgh Steelers,27,0,0,0,0,0,0
1428,Player_27_50,RB,Pittsburgh Steelers,27,0,0,5267,69,1552,14
1429,Player_27_51,S,Pittsburgh Steelers,27,0,0,0,0,0,0
1430,Player_27_52,DL,Pittsburgh Steelers,27,0,0,0,0,0,0
1431,Player_27_53,WR,Pittsburgh Steelers,27,0,0,58,1,316,2
1432,Player_28_1,QB,San Francisco 49ers,28,7325,73,1242,8,0,0
1433,Player_28_2,DL,San Francisco 49ers,28,0,0,0,0,0,0
1434,Player_28_3,K,San Francisco 49ers,28,0,0,0,0,0,0
1435,Player_28_4,LB,San Francisco 49ers,28,0,0,0,0,0,0
1436,Player_28_5,OL,San Francisco 49ers,28,0,0,0,0,0,0
1437,Player_28_6,LB,San Francisco 49ers,28,0,0,0,0,0,0
1438,Player_28_7,P,San Francisco 49ers,28,0,0,0,0,0,0
1439,Player_28_8,S,San Francisco 49ers,28,0,0,0,0,0,0
1440,Player_28_9,OL,San Francisco 49ers,28,0,0,0,0,0,0
1441,Player_28_10,CB,San Francisco 49ers,28,0,0,0,0,0,0
1442,Player_28_11,OL,San Francisco 49ers,28,0,0,0,0,0,0
1443,Player_28_12,P,San Francisco 49ers,28,0,0,0,0,0,0
1444,Player_28_13,S,San Francisco 49ers,28,0,0,0,0,0,0
1445,Player_28_14,LB,San Francisco 49ers,28,0,0,0,0,0,0
1446,Player_28_15,TE,San Francisco 49ers,28,0,0,0,0,1476,7
1447,Player_28_16,LB,San Francisco 49ers,28,0,0,0,0,0,0
1448,Player_28_17,LB,San Francisco 49ers,28,0,0,0,0,0,0
1449,Player_28_18,LB,San Francisco 49ers,28,0,0,0,0,0,0
1450,Player_28_19,QB,San Francisco 49ers,28,22257,223,2393,16,0,0
1451,Player_28_20,TE,San Francisco 49ers,28,0,0,0,0,4688,12
1452,Player_28_21,QB,San Francisco 49ers,28,9413,94,1188,8,0,0
1453,Player_28_22,TE,San Francisco 49ers,28,0,0,0,0,6393,39
1454,Player_28_23,K,San Francisco 49ers,28,0,0,0,0,0,0
1455,Player_28_24,K,San Francisco 49ers,28,0,0,0,0,0,0
1456,Player_28_25,LB,San Francisco 49ers,28,0,0,0,0,0,0
1457,Player_28_26,P,San Francisco 49ers,28,0,0,0,0,0,0
1458,Player_28_27,OL,San Francisco 49ers,28,0,0,0,0,0,0
1459,Player_28_28,TE,San Francisco 49ers,28,0,0,0,0,3372,23
1460,Player_28_29,QB,San Francisco 49ers,28,23806,238,2876,19,0,0
1461,Player_28_30,DL,San Francisco 49ers,28,0,0,0,0,0,0
1462,Player_28_31,TE,San Francisco 49ers,28,0,0,0,0,2006,20
1463,Player_28_32,K,San Francisco 49ers,28,0,0,0,0,0,0
1464,Player_28_33,TE,San Francisco 49ers,28,0,0,0,0,3523,35
1465,Player_28_34,TE,San Francisco 49ers,28,0,0,0,0,4071,25
1466,Player_28_35,CB,San Francisco 49ers,28,0,0,0,0,0,0
1467,Player_28_36,LB,San Francisco 49ers,28,0,0,0,0,0,0
1468,Player_28_37,LB,San Francisco 49ers,28,0,0,0,0,0,0
1469,Player_28_38,OL,San Francisco 49ers,28,0,0,0,0,0,0
1470,Player_28_39,K,San Francisco 49ers,28,0,0,0,0,0,0
1471,Player_28_40,S,San Francisco 49ers,28,0,0,0,0,0,0
1472,Player_28_41,TE,San Francisco 49ers,28,0,0,0,0,7057,27
1473,Player_28_42,OL,San Francisco 49ers,28,0,0,0,0,0,0
1474,Player_28_43,TE,San Francisco 49ers,28,0,0,0,0,2586,14
1475,Player_28_44,QB,San Francisco 49ers,28,40594,406,2832,19,0,0
1476,Player_28_45,TE,San Francisco 49ers,28,0,0,0,0,1290,8
1477,Player_28_46,S,San Francisco 49ers,28,0,0,0,0,0,0
1478,Player_28_47,WR,San Francisco 49ers,28,0,0,28,0,4486,12
1479,Player_28_48,WR,San Francisco 49ers,28,0,0,49,0,8814,87
1480,Player_28_49,K,San Francisco 49ers,28,0,0,0,0,0,0
1481,Player_28_50,LB,San Francisco 49ers,28,0,0,0,0,0,0
1482,Player_28_51,DL,San Francisco 49ers,28,0,0,0,0,0,0
1483,Player_28_52,DL,San Francisco 49ers,28,0,0,0,0,0,0
1484,Player_28_53,TE,San Francisco 49ers,28,0,0,0,0,693,5
1485,Player_29_1,DL,Seattle Seahawks,29,0,0,0,0,0,0
1486,Player_29_2,CB,Seattle Seahawks,29,0,0,0,0,0,0
1487,Player_29_3,WR,Seattle Seahawks,29,0,0,125,1,3967,30
1488,Player_29_4,QB,Seattle Seahawks,29,16425,164,3825,26,0,0
1489,Player_29_5,QB,Seattle Seahawks,29,19580,196,518,3,0,0
1490,Player_29_6,P,Seattle Seahawks,29,0,0,0,0,0,0
1491,Player_29_7,S,Seattle Seahawks,29,0,0,0,0,0,0
1492,Player_29_8,P,Seattle Seahawks,29,0,0,0,0,0,0
1493,Player_29_9,P,Seattle Seahawks,29,0,0,0,0,0,0
1494,Player_29_10,OL,Seattle Seahawks,29,0,0,0,0,0,0
1495,Player_29_11,CB,Seattle Seahawks,29,0,0,0,0,0,0
1496,Player_29_12,QB,Seattle Seahawks,29,49664,497,2205,15,0,0
1497,Player_29_13,P,Seattle Seahawks,29,0,0,0,0,0,0
1498,Player_29_14,OL,Seattle Seahawks,29,0,0,0,0,0,0
1499,Player_29_15,OL,Seattle Seahawks,29,0,0,0,0,0,0
1500,Player_29_16,WR,Seattle Seahawks,29,0,0,143,2,1917,12
1501,Player_29_17,QB,Seattle Seahawks,29,1001,10,2205,15,0,0
1502,Player_29_18,S,Seattle Seahawks,29,0,0,0,0,0,0
1503,Player_29_19,LB,Seattle Seahawks,29,0,0,0,0,0,0
1504,Player_29_20,P,Seattle Seahawks,29,0,0,0,0,0,0
1505,Player_29_21,OL,Seattle Seahawks,29,0,0,0,0,0,0
1506,Player_29_22,K,Seattle Seahawks,29,0,0,0,0,0,0
1507,Player_29_23,DL,Seattle Seahawks,29,0,0,0,0,0,0
1508,Player_29_24,OL,Seattle Seahawks,29,0,0,0,0,0,0
1509,Player_29_25,TE,Seattle Seahawks,29,0,0,0,0,1026,4
1510,Player_29_26,CB,Seattle Seahawks,29,0,0,0,0,0,0
1511,Player_29_27,P,Seattle Seahawks,29,0,0,0,0,0,0
1512,Player_29_28,DL,Seattle Seahawks,29,0,0,0,0,0,0
1513,Player_29_29,S,Seattle Seahawks,29,0,0,0,0,0,0
1514,Player_29_30,CB,Seattle Seahawks,29,0,0,0,0,0,0
1515,Player_29_31,S,Seattle Seahawks,29,0,0,0,0,0,0
1516,Player_29_32,QB,Seattle Seahawks,29,39900,399,1303,9,0,0
1517,Player_29_33,QB,Seattle Seahawks,29,453,5,3766,25,0,0
1518,Player_29_34,OL,Seattle Seahawks,29,0,0,0,0,0,0
1519,Player_29_35,LB,Seattle Seahawks,29,0,0,0,0,0,0
1520,Player_29_36,WR,Seattle Seahawks,29,0,0,148,1,9556,60
1521,Player_29_37,LB,Seattle Seahawks,29,0,0,0,0,0,0
1522,Player_29_38,S,Seattle Seahawks,29,0,0,0,0,0,0
1523,Player_29_39,S,Seattle Seahawks,29,0,0,0,0,0,0
1524,Player_29_40,P,Seattle Seahawks,29,0,0,0,0,0,0
1525,Player_29_41,DL,Seattle Seahawks,29,0,0,0,0,0,0
1526,Player_29_42,CB,Seattle Seahawks,29,0,0,0,0,0,0
1527,Player_29_43,P,Seattle Seahawks,29,0,0,0,0,0,0
1528,Player_29_44,CB,Seattle Seahawks,29,0,0,0,0,0,0
1529,Player_29_45,WR,Seattle Seahawks,29,0,0,94,0,11786,54
1530,Player_29_46,TE,Seattle Seahawks,29,0,0,0,0,2446,16
1531,Player_29_47,OL,Seattle Seahawks,29,0,0,0,0,0,0
1532,Player_29_48,RB,Seattle Seahawks,29,0,0,272,3,44,1
1533,Player_29_49,TE,Seattle Seahawks,29,0,0,0,0,2819,8
1534,Player_29_50,WR,Seattle Seahawks,29,0,0,108,0,6042,50
1535,Player_29_51,TE,Seattle Seahawks,29,0,0,0,0,466,3
1536,Player_29_52,WR,Seattle Seahawks,29,0,0,131,2,5487,27
1537,Player_29_53,S,Seattle Seahawks,29,0,0,0,0,0,0
1538,Player_30_1,K,Tampa Bay Buccaneers,30,0,0,0,0,0,0
1539,Player_30_2,CB,Tampa Bay Buccaneers,30,0,0,0,0,0,0
1540,Player_30_3,K,Tampa Bay Buccaneers,30,0,0,0,0,0,0
1541,Player_30_4,OL,Tampa Bay Buccaneers,30,0,0,0,0,0,0
1542,Player_30_5,TE,Tampa Bay Buccaneers,30,0,0,0,0,8074,54
1543,Player_30_6,K,Tampa Bay Buccaneers,30,0,0,0,0,0,0
1544,Player_30_7,DL,Tampa Bay Buccaneers,30,0,0,0,0,0,0
1545,Player_30_8,S,Tampa Bay Buccaneers,30,0,0,0,0,0,0
1546,Player_30_9,DL,Tampa Bay Buccaneers,30,0,0,0,0,0,0
1547,Player_30_10,RB,Tampa Bay Buccaneers,30,0,0,11943,115,324,3
1548,Player_30_11,S,Tampa Bay Buccaneers,30,0,0,0,0,0,0
1549,Player_30_12,TE,Tampa Bay Buccaneers,30,0,0,0,0,1148,3
1550,Player_30_13,TE,Tampa Bay Buccaneers,30,0,0,0,0,5279,40
1551,Player_30_14,QB,Tampa Bay Buccaneers,30,26623,266,1645,11,0,0
1552,Player_30_15,OL,Tampa Bay Buccaneers,30,0,0,0,0,0,0
1553,Player_30_16,OL,Tampa Bay Buccaneers,30,0,0,0,0,0,0
1554,Player_30_17,S,Tampa Bay Buccaneers,30,0,0,0,0,0,0
1555,Player_30_18,S,Tampa Bay Buccaneers,30,0,0,0,0,0,0
1556,Player_30_19,QB,Tampa Bay Buccaneers,30,27028,270,830,6,0,0
1557,Player_30_20,CB,Tampa Bay Buccaneers,30,0,0,0,0,0,0
1558,Player_30_21,TE,Tampa Bay Buccaneers,30,0,0,0,0,235,1
1559,Player_30_22,S,Tampa Bay Buccaneers,30,0,0,0,0,0,0
1560,Player_30_23,S,Tampa Bay Buccaneers,30,0,0,0,0,0,0
1561,Player_30_24,OL,Tampa Bay Buccaneers,30,0,0,0,0,0,0
1562,Player_30_25,K,Tampa Bay Buccaneers,30,0,0,0,0,0,0
1563,Player_30_26,DL,Tampa Bay Buccaneers,30,0,0,0,0,0,0
1564,Player_30_27,OL,Tampa Bay Buccaneers,30,0,0,0,0,0,0
1565,Player_30_28,TE,Tampa Bay Buccaneers,30,0,0,0,0,8789,86
1566,Player_30_29,OL,Tampa Bay Buccaneers,30,0,0,0,0,0,0
1567,Player_30_30,TE,Tampa Bay Buccaneers,30,0,0,0,0,4535,25
1568,Player_30_31,K,Tampa Bay Buccaneers,30,0,0,0,0,0,0
1569,Player_30_32,DL,Tampa Bay Buccaneers,30,0,0,0,0,0,0
1570,Player_30_33,OL,Tampa Bay Buccaneers,30,0,0,0,0,0,0
1571,Player_30_34,CB,Tampa Bay Buccaneers,30,0,0,0,0,0,0
1572,Player_30_35,CB,Tampa Bay Buccaneers,30,0,0,0,0,0,0
1573,Player_30_36,LB,Tampa Bay Buccaneers,30,0,0,0,0,0,0
1574,Player_30_37,TE,Tampa Bay Buccaneers,30,0,0,0,0,2378,8
1575,Player_30_38,CB,Tampa Bay Buccaneers,30,0,0,0,0,0,0
1576,Player_30_39,WR,Tampa Bay Buccaneers,30,0,0,42,0,1910,8
1577,Player_30_40,QB,Tampa Bay Buccaneers,30,13021,130,1576,11,0,0
1578,Player_30_41,RB,Tampa Bay Buccaneers,30,0,0,4061,38,2250,18
1579,Player_30_42,OL,Tampa Bay Buccaneers,30,0,0,0,0,0,0
1580,Player_30_43,TE,Tampa Bay Buccaneers,30,0,0,0,0,6635,43
1581,Player_30_44,CB,Tampa Bay Buccaneers,30,0,0,0,0,0,0
1582,Player_30_45,S,Tampa Bay Buccaneers,30,0,0,0,0,0,0
1583,Player_30_46,K,Tampa Bay Buccaneers,30,0,0,0,0,0,0
1584,Player_30_47,OL,Tampa Bay Buccaneers,30,0,0,0,0,0,0
1585,Player_30_48,TE,Tampa Bay Buccaneers,30,0,0,0,0,9547,39
1586,Player_30_49,CB,Tampa Bay Buccaneers,30,0,0,0,0,0,0
1587,Player_30_50,TE,Tampa Bay Buccaneers,30,0,0,0,0,5693,42
1588,Player_30_51,OL,Tampa Bay Buccaneers,30,0,0,0,0,0,0
1589,Player_30_52,RB,Tampa Bay Buccaneers,30,0,0,6281,73,4768,63
1590,Player_30_53,LB,Tampa Bay Buccaneers,30,0,0,0,0,0,0
1591,Player_31_1,WR,Tennessee Titans,31,0,0,75,1,2598,24
1592,Player_31_2,CB,Tennessee Titans,31,0,0,0,0,0,0
1593,Player_31_3,DL,Tennessee Titans,31,0,0,0,0,0,0
1594,Player_31_4,K,Tennessee Titans,31,0,0,0,0,0,0
1595,Player_31_5,OL,Tennessee Titans,31,0,0,0,0,0,0
1596,Player_31_6,OL,Tennessee Titans,31,0,0,0,0,0,0
1597,Player_31_7,QB,Tennessee Titans,31,193,2,2525,17,0,0
1598,Player_31_8,RB,Tennessee Titans,31,0,0,6753,60,5330,65
1599,Player_31_9,P,Tennessee Titans,31,0,0,0,0,0,0
1600,Player_31_10,S,Tennessee Titans,31,0,0,0,0,0,0
1601,Player_31_11,DL,Tennessee Titans,31,0,0,0,0,0,0
1602,Player_31_12,WR,Tennessee Titans,31,0,0,128,2,9296,56
1603,Player_31_13,QB,Tennessee Titans,31,47378,474,1210,8,0,0
1604,Player_31_14,LB,Tennessee Titans,31,0,0,0,0,0,0
1605,Player_31_15,OL,Tennessee Titans,31,0,0,0,0,0,0
1606,Player_31_16,WR,Tennessee Titans,31,0,0,28,0,11837,38
1607,Player_31_17,CB,Tennessee Titans,31,0,0,0,0,0,0
1608,Player_31_18,K,Tennessee Titans,31,0,0,0,0,0,0
1609,Player_31_19,RB,Tennessee Titans,31,0,0,4762,59,394,4
1610,Player_31_20,K,Tennessee Titans,31,0,0,0,0,0,0
1611,Player_31_21,DL,Tennessee Titans,31,0,0,0,0,0,0
1612,Player_31_22,TE,Tennessee Titans,31,0,0,0,0,4244,39
1613,Player_31_23,QB,Tennessee Titans,31,24881,249,3085,21,0,0
1614,Player_31_24,DL,Tennessee Titans,31,0,0,0,0,0,0
1615,Player_31_25,CB,Tennessee Titans,31,0,0,0,0,0,0
1616,Player_31_26,WR,Tennessee Titans,31,0,0,106,0,7827,61
1617,Player_31_27,WR,Tennessee Titans,31,0,0,100,1,6326,56
1618,Player_31_28,LB,Tennessee Titans,31,0,0,0,0,0,0
1619,Player_31_29,LB,Tennessee Titans,31,0,0,0,0,0,0
1620,Player_31_30,QB,Tennessee Titans,31,42716,427,1498,10,0,0
1621,Player_31_31,DL,Tennessee Titans,31,0,0,0,0,0,0
1622,Player_31_32,WR,Tennessee Titans,31,0,0,65,1,10713,78
1623,Player_31_33,QB,Tennessee Titans,31,5352,54,3153,21,0,0
1624,Player_31_34,DL,Tennessee Titans,31,0,0,0,0,0,0
1625,Player_31_35,TE,Tennessee Titans,31,0,0,0,0,5751,50
1626,Player_31_36,LB,Tennessee Titans,31,0,0,0,0,0,0
1627,Player_31_37,K,Tennessee Titans,31,0,0,0,0,0,0
1628,Player_31_38,CB,Tennessee Titans,31,0,0,0,0,0,0
1629,Player_31_39,OL,Tennessee Titans,31,0,0,0,0,0,0
1630,Player_31_40,WR,Tennessee Titans,31,0,0,88,0,11153,33
1631,Player_31_41,LB,Tennessee Titans,31,0,0,0,0,0,0
1632,Player_31_42,P,Tennessee Titans,31,0,0,0,0,0,0
1633,Player_31_43,RB,Tennessee Titans,31,0,0,6503,68,1113,10
1634,Player_31_44,OL,Tennessee Titans,31,0,0,0,0,0,0
1635,Player_31_45,QB,Tennessee Titans,31,2009,20,3042,20,0,0
1636,Player_31_46,CB,Tennessee Titans,31,0,0,0,0,0,0
1637,Player_31_47,DL,Tennessee Titans,31,0,0,0,0,0,0
1638,Player_31_48,P,Tennessee Titans,31,0,0,0,0,0,0
1639,Player_31_49,OL,Tennessee Titans,31,0,0,0,0,0,0
1640,Player_31_50,LB,Tennessee Titans,31,0,0,0,0,0,0
1641,Player_31_51,OL,Tennessee Titans,31,0,0,0,0,0,0
1642,Player_31_52,RB,Tennessee Titans,31,0,0,10323,103,7445,91
1643,Player_31_53,S,Tennessee Titans,31,0,0,0,0,0,0
1644,Player_32_1,LB,Washington Commanders,32,0,0,0,0,0,0
1645,Player_32_2,QB,Washington Commanders,32,46804,468,595,4,0,0
1646,Player_32_3,RB,Washington Commanders,32,0,0,8278,93,1172,11
1647,Player_32_4,WR,Washington Commanders,32,0,0,119,2,10072,80
1648,Player_32_5,CB,Washington Commanders,32,0,0,0,0,0,0
1649,Player_32_6,OL,Washington Commanders,32,0,0,0,0,0,0
1650,Player_32_7,WR,Washington Commanders,32,0,0,76,1,1112,4
1651,Player_32_8,DL,Washington Commanders,32,0,0,0,0,0,0
1652,Player_32_9,WR,Washington Commanders,32,0,0,16,0,6370,41
1653,Player_32_10,DL,Washington Commanders,32,0,0,0,0,0,0
1654,Player_32_11,QB,Washington Commanders,32,19446,194,2773,18,0,0
1655,Player_32_12,S,Washington Commanders,32,0,0,0,0,0,0
1656,Player_32_13,LB,Washington Commanders,32,0,0,0,0,0,0
1657,Player_32_14,WR,Washington Commanders,32,0,0,5,0,10514,41
1658,Player_32_15,S,Washington Commanders,32,0,0,0,0,0,0
1659,Player_32_16,LB,Washington Commanders,32,0,0,0,0,0,0
1660,Player_32_17,LB,Washington Commanders,32,0,0,0,0,0,0
1661,Player_32_18,TE,Washington Commanders,32,0,0,0,0,9349,41
1662,Player_32_19,P,Washington Commanders,32,0,0,0,0,0,0
1663,Player_32_20,K,Washington Commanders,32,0,0,0,0,0,0
1664,Player_32_21,WR,Washington Commanders,32,0,0,102,0,10919,57
1665,Player_32_22,OL,Washington Commanders,32,0,0,0,0,0,0
1666,Player_32_23,K,Washington Commanders,32,0,0,0,0,0,0
1667,Player_32_24,QB,Washington Commanders,32,19882,199,2105,14,0,0
1668,Player_32_25,DL,Washington Commanders,32,0,0,0,0,0,0
1669,Player_32_26,RB,Washington Commanders,32,0,0,9942,70,2668,26
1670,Player_32_27,S,Washington Commanders,32,0,0,0,0,0,0
1671,Player_32_28,TE,Washington Commanders,32,0,0,0,0,5811,32
1672,Player_32_29,DL,Washington Commanders,32,0,0,0,0,0,0
1673,Player_32_30,K,Washington Commanders,32,0,0,0,0,0,0
1674,Player_32_31,S,Washington Commanders,32,0,0,0,0,0,0
1675,Player_32_32,WR,Washington Commanders,32,0,0,22,0,2265,6
1676,Player_32_33,RB,Washington Commanders,32,0,0,4284,40,3147,41
1677,Player_32_34,K,Washington Commanders,32,0,0,0,0,0,0
1678,Player_32_35,RB,Washington Commanders,32,0,0,3974,43,1017,8
1679,Player_32_36,K,Washington Commanders,32,0,0,0,0,0,0
1680,Player_32_37,K,Washington Commanders,32,0,0,0,0,0,0
1681,Player_32_38,CB,Washington Commanders,32,0,0,0,0,0,0
1682,Player_32_39,K,Washington Commanders,32,0,0,0,0,0,0
1683,Player_32_40,RB,Washington Commanders,32,0,0,7775,93,4603,59
1684,Player_32_41,RB,Washington Commanders,32,0,0,4280,42,3487,28
1685,Player_32_42,DL,Washington Commanders,32,0,0,0,0,0,0
1686,Player_32_43,P,Washington Commanders,32,0,0,0,0,0,0
1687,Player_32_44,TE,Washington Commanders,32,0,0,0,0,6889,24
1688,Player_32_45,K,Washington Commanders,32,0,0,0,0,0,0
1689,Player_32_46,OL,Washington Commanders,32,0,0,0,0,0,0
1690,Player_32_47,TE,Washington Commanders,32,0,0,0,0,4718,41
1691,Player_32_48,LB,Washington Commanders,32,0,0,0,0,0,0
1692,Player_32_49,OL,Washington Commanders,32,0,0,0,0,0,0
1693,Player_32_50,OL,Washington Commanders,32,0,0,0,0,0,0
1694,Player_32_51,P,Washington Commanders,32,0,0,0,0,0,0
1695,Player_32_52,DL,Washington Commanders,32,0,0,0,0,0,0
1696,Player_32_53,OL,Washington Commanders,32,0,0,0,0,0,0
