Player ID,Player Name,Position,Team,Team ID,Salary,Year Joined Team
1,Michael Wilson,K,Arizona Cardinals,1,44698714,2019
2,Andrew Anderson,WR,Arizona Cardinals,1,26769293,2015
3,Paul Smith,RB,Arizona Cardinals,1,42526906,2023
4,Robert Taylor,P,Arizona Cardinals,1,41118528,2020
5,Andrew Smith,LB,Arizona Cardinals,1,20735892,2024
6,Mark Williams,RB,Arizona Cardinals,1,28734380,2015
7,Daniel Anderson,CB,Arizona Cardinals,1,10513311,2015
8,Mark Wilson,DL,Arizona Cardinals,1,6967330,2016
9,Michael Taylor,S,Arizona Cardinals,1,32374841,2024
10,William Moore,CB,Arizona Cardinals,1,32495023,2015
11,James Davis,QB,Arizona Cardinals,1,24698152,2025
12,Brian Martin,CB,Arizona Cardinals,1,39859326,2022
13,Daniel Gonzalez,TE,Arizona Cardinals,1,32977606,2019
14,David Gonzalez,TE,Arizona Cardinals,1,10710043,2021
15,Daniel Brown,QB,Arizona Cardinals,1,7423674,2019
16,Daniel Thomas,OL,Arizona Cardinals,1,16764811,2025
17,Kevin Brown,S,Arizona Cardinals,1,19380144,2024
18,Daniel Martin,S,Arizona Cardinals,1,20938293,2021
19,Andrew Thomas,K,Arizona Cardinals,1,30786742,2024
20,Michael Davis,OL,Arizona Cardinals,1,3646999,2021
21,Robert Martin,OL,Arizona Cardinals,1,20820417,2025
22,Brian Thomas,LB,Arizona Cardinals,1,34824644,2015
23,Anthony Hernandez,OL,Arizona Cardinals,1,16978854,2019
24,Brian Lopez,WR,Arizona Cardinals,1,11173787,2015
25,Brian Miller,LB,Arizona Cardinals,1,27684232,2015
26,Paul Martinez,TE,Arizona Cardinals,1,29587690,2025
27,Eric Garcia,CB,Arizona Cardinals,1,44155420,2015
28,Michael Davis,RB,Arizona Cardinals,1,36195085,2015
29,Kevin Smith,OL,Arizona Cardinals,1,22586938,2024
30,Anthony Miller,QB,Arizona Cardinals,1,30318827,2017
31,Jason Anderson,DL,Arizona Cardinals,1,23507205,2016
32,David Wilson,CB,Arizona Cardinals,1,42905967,2019
33,James Hernandez,P,Arizona Cardinals,1,40739930,2016
34,Andrew Williams,LB,Arizona Cardinals,1,4694541,2021
35,Daniel Rodriguez,RB,Arizona Cardinals,1,11225892,2021
36,Brandon Martinez,QB,Arizona Cardinals,1,35646614,2020
37,Anthony Williams,QB,Arizona Cardinals,1,17126120,2022
38,Mark Anderson,TE,Arizona Cardinals,1,33413771,2017
39,Kevin Rodriguez,TE,Arizona Cardinals,1,32009420,2021
40,Michael Williams,CB,Arizona Cardinals,1,23951539,2018
41,David Wilson,QB,Arizona Cardinals,1,3647867,2017
42,James Taylor,RB,Arizona Cardinals,1,39402658,2017
43,Eric Jackson,OL,Arizona Cardinals,1,36720247,2016
44,David Thomas,K,Arizona Cardinals,1,35424063,2023
45,Michael Jackson,WR,Arizona Cardinals,1,38974121,2016
46,Jason Lopez,DL,Arizona Cardinals,1,4090236,2025
47,Justin Smith,LB,Arizona Cardinals,1,42911779,2015
48,Kevin Martinez,OL,Arizona Cardinals,1,10394053,2016
49,Daniel Lopez,K,Arizona Cardinals,1,35782281,2022
50,David Brown,TE,Arizona Cardinals,1,43027288,2018
51,Mark Lopez,QB,Arizona Cardinals,1,3791693,2016
52,Mark Anderson,RB,Arizona Cardinals,1,6674226,2022
53,David Hernandez,OL,Arizona Cardinals,1,6795970,2015
54,Daniel Moore,QB,Atlanta Falcons,2,11013992,2019
55,Kevin Moore,S,Atlanta Falcons,2,36226446,2024
56,Justin Wilson,RB,Atlanta Falcons,2,36636465,2016
57,Robert Lopez,QB,Atlanta Falcons,2,24384026,2018
58,Justin Wilson,RB,Atlanta Falcons,2,23731644,2025
59,William Lopez,RB,Atlanta Falcons,2,28592425,2019
60,Michael Garcia,QB,Atlanta Falcons,2,13511159,2018
61,Daniel Martinez,DL,Atlanta Falcons,2,40489500,2020
62,Brian Williams,QB,Atlanta Falcons,2,18519018,2017
63,James Johnson,RB,Atlanta Falcons,2,42859626,2025
64,Michael Thomas,K,Atlanta Falcons,2,4156940,2015
65,Michael Taylor,CB,Atlanta Falcons,2,20907413,2022
66,Joshua Brown,QB,Atlanta Falcons,2,2900104,2021
67,Justin Martinez,LB,Atlanta Falcons,2,29020799,2023
68,John Garcia,S,Atlanta Falcons,2,39340060,2022
69,Kevin Lopez,OL,Atlanta Falcons,2,31500725,2024
70,William Rodriguez,P,Atlanta Falcons,2,18098786,2017
71,Anthony Thomas,S,Atlanta Falcons,2,22462028,2017
72,Kevin Miller,P,Atlanta Falcons,2,5968699,2021
73,Anthony Jackson,DL,Atlanta Falcons,2,23189539,2024
74,Kevin Rodriguez,RB,Atlanta Falcons,2,28016977,2025
75,Justin Moore,DL,Atlanta Falcons,2,22150801,2020
76,John Garcia,CB,Atlanta Falcons,2,34614467,2020
77,William Rodriguez,LB,Atlanta Falcons,2,24970462,2023
78,David Hernandez,K,Atlanta Falcons,2,30324272,2022
79,David Martin,P,Atlanta Falcons,2,44858432,2024
80,Ryan Lopez,WR,Atlanta Falcons,2,24602732,2018
81,John Wilson,OL,Atlanta Falcons,2,5576323,2018
82,Paul Martinez,CB,Atlanta Falcons,2,35303720,2016
83,Michael Jackson,DL,Atlanta Falcons,2,11738862,2018
84,John Moore,P,Atlanta Falcons,2,25228163,2018
85,Kevin Anderson,DL,Atlanta Falcons,2,31433557,2016
86,Jason Davis,TE,Atlanta Falcons,2,40658963,2015
87,James Miller,K,Atlanta Falcons,2,32946481,2021
88,Andrew Brown,RB,Atlanta Falcons,2,28197703,2021
89,Paul Taylor,S,Atlanta Falcons,2,26704399,2020
90,Mark Jones,DL,Atlanta Falcons,2,11927469,2017
91,Anthony Wilson,LB,Atlanta Falcons,2,13323162,2019
92,Joshua Wilson,RB,Atlanta Falcons,2,13839025,2022
93,William Hernandez,RB,Atlanta Falcons,2,41183769,2021
94,David Taylor,WR,Atlanta Falcons,2,17738237,2023
95,Robert Williams,P,Atlanta Falcons,2,20789226,2016
96,Jason Smith,WR,Atlanta Falcons,2,17131031,2017
97,Robert Martinez,S,Atlanta Falcons,2,8405332,2019
98,Anthony Taylor,WR,Atlanta Falcons,2,7336046,2025
99,Eric Gonzalez,CB,Atlanta Falcons,2,15642711,2017
100,John Garcia,TE,Atlanta Falcons,2,29322287,2023
101,Jason Wilson,CB,Atlanta Falcons,2,35679625,2015
102,Paul Miller,CB,Atlanta Falcons,2,28759587,2019
103,Eric Thomas,LB,Atlanta Falcons,2,7466715,2022
104,Andrew Wilson,QB,Atlanta Falcons,2,38284090,2021
105,Brandon Martin,WR,Atlanta Falcons,2,10689545,2023
106,Andrew Martinez,TE,Atlanta Falcons,2,11348052,2023
107,Jason Lopez,QB,Baltimore Ravens,3,30474796,2016
108,Paul Rodriguez,TE,Baltimore Ravens,3,3456427,2017
109,Robert Taylor,S,Baltimore Ravens,3,35263476,2015
110,David Rodriguez,OL,Baltimore Ravens,3,19560646,2020
111,William Jackson,OL,Baltimore Ravens,3,3744316,2020
112,Chris Williams,K,Baltimore Ravens,3,31391952,2016
113,Jason Wilson,S,Baltimore Ravens,3,27595011,2022
114,John Smith,LB,Baltimore Ravens,3,17893734,2017
115,Brian Martin,QB,Baltimore Ravens,3,7825077,2022
116,Justin Martinez,K,Baltimore Ravens,3,4232139,2023
117,Daniel Hernandez,CB,Baltimore Ravens,3,10376483,2018
118,Anthony Smith,QB,Baltimore Ravens,3,27220812,2021
119,Brandon Moore,LB,Baltimore Ravens,3,26959757,2016
120,Mark Jackson,TE,Baltimore Ravens,3,38921101,2022
121,Jason Davis,RB,Baltimore Ravens,3,15201387,2018
122,Kevin Miller,DL,Baltimore Ravens,3,15801950,2023
123,Ryan Thomas,WR,Baltimore Ravens,3,42666583,2018
124,Justin Taylor,P,Baltimore Ravens,3,10953998,2016
125,John Brown,RB,Baltimore Ravens,3,24046646,2025
126,Ryan Garcia,CB,Baltimore Ravens,3,10063026,2019
127,John Davis,DL,Baltimore Ravens,3,23954486,2019
128,Robert Martinez,K,Baltimore Ravens,3,21414393,2020
129,Eric Brown,K,Baltimore Ravens,3,38819039,2021
130,Anthony Rodriguez,OL,Baltimore Ravens,3,34785040,2018
131,Joshua Jones,DL,Baltimore Ravens,3,36999980,2015
132,Jason Brown,QB,Baltimore Ravens,3,18644094,2021
133,David Anderson,DL,Baltimore Ravens,3,2974531,2021
134,Robert Anderson,LB,Baltimore Ravens,3,44512909,2018
135,Brian Hernandez,S,Baltimore Ravens,3,1078716,2019
136,William Jackson,LB,Baltimore Ravens,3,43480092,2019
137,Daniel Rodriguez,P,Baltimore Ravens,3,18376918,2018
138,John Miller,WR,Baltimore Ravens,3,9369589,2023
139,Andrew Martinez,P,Baltimore Ravens,3,26303330,2024
140,John Gonzalez,RB,Baltimore Ravens,3,14312268,2018
141,Michael Jackson,LB,Baltimore Ravens,3,19173437,2017
142,Daniel Lopez,S,Baltimore Ravens,3,16765511,2020
143,Joshua Moore,DL,Baltimore Ravens,3,4701830,2019
144,Brian Jackson,K,Baltimore Ravens,3,32494322,2020
145,Michael Miller,RB,Baltimore Ravens,3,1737738,2025
146,Anthony Williams,S,Baltimore Ravens,3,24188556,2021
147,Brandon Anderson,DL,Baltimore Ravens,3,37197204,2019
148,Eric Garcia,S,Baltimore Ravens,3,21816569,2020
149,Chris Jackson,LB,Baltimore Ravens,3,9677114,2022
150,Jason Martinez,DL,Baltimore Ravens,3,37939316,2018
151,Paul Martinez,K,Baltimore Ravens,3,8383301,2019
152,Eric Lopez,CB,Baltimore Ravens,3,24889383,2023
153,Mark Thomas,DL,Baltimore Ravens,3,40779539,2019
154,Brandon Smith,OL,Baltimore Ravens,3,39777270,2023
155,Justin Thomas,CB,Baltimore Ravens,3,19631393,2024
156,David Thomas,CB,Baltimore Ravens,3,18863836,2021
157,Chris Brown,DL,Baltimore Ravens,3,1882914,2018
158,Chris Gonzalez,P,Baltimore Ravens,3,22651425,2024
159,Ryan Lopez,S,Baltimore Ravens,3,18683013,2015
160,Brandon Gonzalez,P,Buffalo Bills,4,24970868,2020
161,Eric Taylor,OL,Buffalo Bills,4,23347047,2025
162,David Jackson,DL,Buffalo Bills,4,24624177,2018
163,Brian Lopez,WR,Buffalo Bills,4,3895111,2015
164,Justin Garcia,QB,Buffalo Bills,4,21079154,2025
165,Ryan Brown,RB,Buffalo Bills,4,1043252,2021
166,Mark Martin,K,Buffalo Bills,4,4689058,2015
167,Michael Garcia,TE,Buffalo Bills,4,14655930,2024
168,Kevin Garcia,CB,Buffalo Bills,4,8305812,2023
169,William Taylor,WR,Buffalo Bills,4,8061089,2025
170,Anthony Moore,DL,Buffalo Bills,4,33811510,2018
171,Michael Davis,S,Buffalo Bills,4,10562572,2025
172,Eric Taylor,S,Buffalo Bills,4,1649604,2024
173,Chris Moore,TE,Buffalo Bills,4,1952847,2015
174,Jason Moore,RB,Buffalo Bills,4,29334029,2017
175,Brian Johnson,RB,Buffalo Bills,4,14077979,2023
176,David Anderson,DL,Buffalo Bills,4,21215383,2023
177,Joshua Williams,WR,Buffalo Bills,4,21701968,2023
178,Joshua Gonzalez,P,Buffalo Bills,4,18711410,2015
179,Kevin Taylor,TE,Buffalo Bills,4,24139825,2021
180,Jason Gonzalez,RB,Buffalo Bills,4,23113651,2015
181,Ryan Wilson,QB,Buffalo Bills,4,9019889,2021
182,William Miller,CB,Buffalo Bills,4,19187811,2016
183,Robert Smith,TE,Buffalo Bills,4,4426551,2021
184,Jason Jones,QB,Buffalo Bills,4,29848636,2016
185,Chris Williams,TE,Buffalo Bills,4,27394388,2025
186,Jason Garcia,QB,Buffalo Bills,4,36067226,2020
187,Jason Johnson,K,Buffalo Bills,4,41743402,2019
188,Justin Thomas,RB,Buffalo Bills,4,7968800,2024
189,Mark Thomas,K,Buffalo Bills,4,3948058,2025
190,Brian Jones,TE,Buffalo Bills,4,13187017,2020
191,Michael Taylor,P,Buffalo Bills,4,6007219,2017
192,Joshua Moore,K,Buffalo Bills,4,35722110,2023
193,Chris Jackson,OL,Buffalo Bills,4,29819043,2018
194,Daniel Rodriguez,TE,Buffalo Bills,4,13490682,2018
195,Andrew Gonzalez,TE,Buffalo Bills,4,5848434,2021
196,Mark Thomas,LB,Buffalo Bills,4,7281309,2020
197,Robert Martinez,DL,Buffalo Bills,4,18011605,2025
198,Joshua Smith,LB,Buffalo Bills,4,9286024,2024
199,William Martinez,WR,Buffalo Bills,4,30744078,2023
200,Chris Jackson,TE,Buffalo Bills,4,18943431,2018
201,Andrew Martin,WR,Buffalo Bills,4,20193167,2024
202,David Jackson,K,Buffalo Bills,4,40974262,2025
203,Robert Johnson,K,Buffalo Bills,4,40818556,2018
204,Chris Taylor,RB,Buffalo Bills,4,39107730,2023
205,Paul Lopez,RB,Buffalo Bills,4,15728561,2025
206,Jason Hernandez,WR,Buffalo Bills,4,10155905,2016
207,Justin Gonzalez,TE,Buffalo Bills,4,10855769,2018
208,Andrew Garcia,RB,Buffalo Bills,4,34541655,2021
209,Kevin Smith,CB,Buffalo Bills,4,870524,2020
210,Justin Moore,CB,Buffalo Bills,4,38995382,2025
211,Eric Anderson,QB,Buffalo Bills,4,38092580,2020
212,Anthony Martin,WR,Buffalo Bills,4,25961843,2023
213,Robert Jackson,TE,Carolina Panthers,5,22258517,2018
214,Kevin Martin,LB,Carolina Panthers,5,36059574,2024
215,Michael Jones,P,Carolina Panthers,5,5603164,2024
216,Daniel Martinez,K,Carolina Panthers,5,38601900,2024
217,Joshua Wilson,LB,Carolina Panthers,5,20543284,2021
218,Andrew Smith,S,Carolina Panthers,5,35954581,2023
219,Brandon Jackson,QB,Carolina Panthers,5,2394428,2018
220,Brandon Johnson,WR,Carolina Panthers,5,35331376,2025
221,Anthony Jackson,DL,Carolina Panthers,5,37338665,2022
222,Mark Jackson,RB,Carolina Panthers,5,33624168,2016
223,Kevin Jackson,DL,Carolina Panthers,5,39661463,2015
224,Mark Davis,QB,Carolina Panthers,5,26004463,2024
225,Ryan Garcia,DL,Carolina Panthers,5,34123908,2020
226,John Moore,CB,Carolina Panthers,5,21565111,2022
227,Justin Lopez,OL,Carolina Panthers,5,29035421,2025
228,John Wilson,CB,Carolina Panthers,5,14411474,2025
229,Brian Moore,S,Carolina Panthers,5,43521982,2018
230,Ryan Miller,RB,Carolina Panthers,5,31457035,2025
231,Justin Williams,TE,Carolina Panthers,5,11992637,2020
232,David Wilson,QB,Carolina Panthers,5,29747626,2025
233,Anthony Jackson,LB,Carolina Panthers,5,3526127,2024
234,Anthony Martin,DL,Carolina Panthers,5,44310015,2023
235,Eric Williams,WR,Carolina Panthers,5,12278957,2022
236,Michael Williams,OL,Carolina Panthers,5,26250282,2015
237,Jason Taylor,RB,Carolina Panthers,5,9622412,2017
238,Kevin Anderson,S,Carolina Panthers,5,37037209,2020
239,Kevin Johnson,TE,Carolina Panthers,5,16016890,2022
240,Michael Hernandez,S,Carolina Panthers,5,33806483,2021
241,Brandon Martinez,CB,Carolina Panthers,5,8226592,2025
242,Eric Brown,P,Carolina Panthers,5,41199087,2016
243,Mark Garcia,TE,Carolina Panthers,5,12905563,2019
244,Chris Gonzalez,P,Carolina Panthers,5,4727253,2019
245,John Thomas,QB,Carolina Panthers,5,25686708,2022
246,Justin Garcia,OL,Carolina Panthers,5,2207482,2023
247,John Moore,QB,Carolina Panthers,5,44917172,2023
248,Ryan Martin,WR,Carolina Panthers,5,10075658,2018
249,Jason Martinez,CB,Carolina Panthers,5,16620424,2018
250,Ryan Gonzalez,K,Carolina Panthers,5,12387955,2024
251,Paul Gonzalez,K,Carolina Panthers,5,10965586,2022
252,Robert Jackson,OL,Carolina Panthers,5,27596565,2015
253,Anthony Garcia,K,Carolina Panthers,5,37514077,2017
254,Brian Johnson,CB,Carolina Panthers,5,40728859,2019
255,Eric Jones,TE,Carolina Panthers,5,1140272,2022
256,William Hernandez,CB,Carolina Panthers,5,16689624,2025
257,Anthony Martinez,S,Carolina Panthers,5,34823679,2016
258,Daniel Taylor,RB,Carolina Panthers,5,2897693,2022
259,Ryan Jackson,DL,Carolina Panthers,5,32495907,2017
260,Eric Miller,QB,Carolina Panthers,5,43485653,2016
261,Michael Rodriguez,LB,Carolina Panthers,5,31048685,2025
262,Ryan Hernandez,TE,Carolina Panthers,5,10757960,2018
263,William Miller,CB,Carolina Panthers,5,9247321,2015
264,John Taylor,P,Carolina Panthers,5,35307132,2022
265,Joshua Lopez,K,Carolina Panthers,5,40088166,2025
266,David Miller,RB,Chicago Bears,6,28119946,2017
267,William Thomas,TE,Chicago Bears,6,34202936,2018
268,William Wilson,OL,Chicago Bears,6,23242732,2023
269,Paul Wilson,CB,Chicago Bears,6,23056625,2015
270,Daniel Johnson,QB,Chicago Bears,6,28439259,2021
271,Mark Martin,TE,Chicago Bears,6,40162667,2021
272,Mark Rodriguez,TE,Chicago Bears,6,32850620,2022
273,Anthony Lopez,P,Chicago Bears,6,26276203,2015
274,Michael Hernandez,WR,Chicago Bears,6,25126194,2015
275,Brian Jones,OL,Chicago Bears,6,12100923,2020
276,Ryan Brown,S,Chicago Bears,6,23349984,2022
277,Justin Martinez,S,Chicago Bears,6,26768433,2025
278,David Davis,WR,Chicago Bears,6,13765431,2019
279,Mark Jones,LB,Chicago Bears,6,20575179,2025
280,Justin Miller,LB,Chicago Bears,6,29380973,2017
281,Justin Martinez,WR,Chicago Bears,6,18090212,2022
282,William Gonzalez,OL,Chicago Bears,6,36445616,2018
283,John Taylor,LB,Chicago Bears,6,3756858,2024
284,Mark Johnson,RB,Chicago Bears,6,18546947,2015
285,Andrew Brown,QB,Chicago Bears,6,22255930,2025
286,Brian Miller,CB,Chicago Bears,6,1442642,2017
287,Kevin Johnson,DL,Chicago Bears,6,44325275,2025
288,Eric Jones,DL,Chicago Bears,6,11359111,2016
289,William Martin,DL,Chicago Bears,6,34300990,2020
290,Mark Martinez,LB,Chicago Bears,6,8855088,2023
291,Jason Jones,OL,Chicago Bears,6,32897186,2020
292,Justin Rodriguez,CB,Chicago Bears,6,27433170,2018
293,John Johnson,TE,Chicago Bears,6,37033696,2023
294,Brian Rodriguez,LB,Chicago Bears,6,39143146,2021
295,Jason Rodriguez,S,Chicago Bears,6,25887110,2024
296,Joshua Williams,K,Chicago Bears,6,8825287,2018
297,Robert Miller,P,Chicago Bears,6,5209374,2019
298,Ryan Rodriguez,P,Chicago Bears,6,25416458,2024
299,James Smith,CB,Chicago Bears,6,14034102,2018
300,Paul Martin,LB,Chicago Bears,6,40120761,2025
301,Kevin Garcia,P,Chicago Bears,6,36576461,2016
302,John Hernandez,OL,Chicago Bears,6,11754695,2025
303,Daniel Jackson,CB,Chicago Bears,6,1251552,2015
304,Andrew Jackson,P,Chicago Bears,6,3691972,2015
305,Brian Taylor,TE,Chicago Bears,6,16734792,2017
306,Brandon Smith,CB,Chicago Bears,6,17794743,2020
307,Kevin Williams,S,Chicago Bears,6,37460046,2022
308,William Rodriguez,WR,Chicago Bears,6,19272093,2022
309,Jason Hernandez,LB,Chicago Bears,6,34975326,2019
310,Michael Jackson,QB,Chicago Bears,6,9594210,2019
311,Andrew Brown,LB,Chicago Bears,6,7059892,2023
312,Kevin Thomas,RB,Chicago Bears,6,34664517,2022
313,Paul Taylor,OL,Chicago Bears,6,24653503,2018
314,Brian Miller,P,Chicago Bears,6,44619250,2024
315,Andrew Rodriguez,S,Chicago Bears,6,34045740,2018
316,Chris Moore,CB,Chicago Bears,6,18492994,2020
317,Michael Smith,TE,Chicago Bears,6,1925496,2024
318,Chris Miller,P,Chicago Bears,6,23719325,2023
319,Daniel Thomas,P,Cincinnati Bengals,7,44475157,2025
320,Justin Rodriguez,WR,Cincinnati Bengals,7,36974729,2015
321,Robert Smith,P,Cincinnati Bengals,7,4665165,2023
322,Brian Rodriguez,WR,Cincinnati Bengals,7,1074300,2016
323,Andrew Gonzalez,K,Cincinnati Bengals,7,12506025,2019
324,John Garcia,CB,Cincinnati Bengals,7,31812593,2022
325,James Hernandez,K,Cincinnati Bengals,7,22543110,2024
326,Chris Taylor,LB,Cincinnati Bengals,7,34912591,2018
327,Kevin Brown,K,Cincinnati Bengals,7,20524583,2021
328,Robert Johnson,QB,Cincinnati Bengals,7,14982844,2016
329,Robert Martinez,QB,Cincinnati Bengals,7,30305366,2020
330,John Taylor,TE,Cincinnati Bengals,7,1241784,2015
331,David Martin,WR,Cincinnati Bengals,7,35329955,2018
332,Joshua Gonzalez,TE,Cincinnati Bengals,7,42741744,2015
333,Brandon Davis,P,Cincinnati Bengals,7,16761019,2019
334,Ryan Lopez,QB,Cincinnati Bengals,7,4712924,2020
335,Brian Williams,K,Cincinnati Bengals,7,28002065,2020
336,David Moore,OL,Cincinnati Bengals,7,33086916,2016
337,Jason Martinez,CB,Cincinnati Bengals,7,16352729,2016
338,Andrew Garcia,LB,Cincinnati Bengals,7,28507580,2025
339,Eric Gonzalez,QB,Cincinnati Bengals,7,33007101,2020
340,Michael Johnson,CB,Cincinnati Bengals,7,14770398,2015
341,David Jones,QB,Cincinnati Bengals,7,36825539,2015
342,Jason Moore,TE,Cincinnati Bengals,7,12064376,2020
343,Kevin Jones,WR,Cincinnati Bengals,7,15362171,2021
344,James Rodriguez,S,Cincinnati Bengals,7,10435403,2024
345,Kevin Wilson,CB,Cincinnati Bengals,7,35018547,2016
346,Chris Hernandez,K,Cincinnati Bengals,7,29478570,2025
347,Justin Jones,K,Cincinnati Bengals,7,29737307,2017
348,Mark Smith,LB,Cincinnati Bengals,7,41182200,2018
349,Brian Lopez,CB,Cincinnati Bengals,7,35231128,2020
350,Kevin Garcia,TE,Cincinnati Bengals,7,11835779,2023
351,Michael Garcia,RB,Cincinnati Bengals,7,37483850,2025
352,Michael Davis,OL,Cincinnati Bengals,7,28942917,2025
353,Chris Jackson,S,Cincinnati Bengals,7,39882382,2023
354,Michael Garcia,P,Cincinnati Bengals,7,3917531,2019
355,Daniel Wilson,DL,Cincinnati Bengals,7,33038306,2023
356,Joshua Gonzalez,OL,Cincinnati Bengals,7,12889648,2022
357,John Anderson,LB,Cincinnati Bengals,7,35590276,2019
358,Brian Rodriguez,OL,Cincinnati Bengals,7,39817098,2020
359,Jason Hernandez,QB,Cincinnati Bengals,7,27037081,2022
360,Michael Lopez,WR,Cincinnati Bengals,7,26324820,2015
361,Kevin Wilson,LB,Cincinnati Bengals,7,29979969,2025
362,Anthony Moore,RB,Cincinnati Bengals,7,17101023,2024
363,Chris Johnson,TE,Cincinnati Bengals,7,2970870,2020
364,Robert Taylor,RB,Cincinnati Bengals,7,27900562,2025
365,Anthony Jones,LB,Cincinnati Bengals,7,10095061,2016
366,Brian Gonzalez,CB,Cincinnati Bengals,7,10127450,2017
367,Eric Davis,LB,Cincinnati Bengals,7,9456865,2017
368,Brandon Lopez,DL,Cincinnati Bengals,7,30011235,2022
369,Joshua Gonzalez,RB,Cincinnati Bengals,7,28669663,2020
370,Paul Johnson,S,Cincinnati Bengals,7,19751794,2025
371,Chris Gonzalez,QB,Cincinnati Bengals,7,20795646,2021
372,Eric Hernandez,OL,Cleveland Browns,8,31106764,2025
373,Joshua Jackson,TE,Cleveland Browns,8,41129785,2018
374,William Taylor,TE,Cleveland Browns,8,5607523,2016
375,Ryan Martin,OL,Cleveland Browns,8,10861861,2021
376,Ryan Rodriguez,LB,Cleveland Browns,8,4858638,2017
377,Jason Martinez,P,Cleveland Browns,8,2304099,2018
378,David Wilson,QB,Cleveland Browns,8,28890385,2018
379,John Williams,K,Cleveland Browns,8,25452485,2017
380,Mark Martin,DL,Cleveland Browns,8,2885323,2021
381,Chris Moore,S,Cleveland Browns,8,44619006,2015
382,Ryan Jackson,OL,Cleveland Browns,8,44447644,2025
383,Ryan Taylor,DL,Cleveland Browns,8,30085016,2024
384,Kevin Garcia,WR,Cleveland Browns,8,8762526,2015
385,John Johnson,CB,Cleveland Browns,8,21275138,2024
386,John Jones,K,Cleveland Browns,8,27353975,2017
387,David Lopez,RB,Cleveland Browns,8,9271959,2016
388,Mark Jones,CB,Cleveland Browns,8,29805944,2023
389,Ryan Anderson,OL,Cleveland Browns,8,7733194,2015
390,Robert Anderson,TE,Cleveland Browns,8,15904255,2019
391,Michael Martin,P,Cleveland Browns,8,30029296,2023
392,Chris Gonzalez,K,Cleveland Browns,8,11899006,2025
393,John Gonzalez,QB,Cleveland Browns,8,9549330,2023
394,Joshua Thomas,P,Cleveland Browns,8,16593384,2016
395,Andrew Martin,TE,Cleveland Browns,8,39517382,2022
396,James Davis,K,Cleveland Browns,8,34061878,2015
397,William Moore,WR,Cleveland Browns,8,26436608,2023
398,Brian Jones,TE,Cleveland Browns,8,31950578,2021
399,Robert Williams,QB,Cleveland Browns,8,19378081,2016
400,David Gonzalez,LB,Cleveland Browns,8,11451807,2020
401,Kevin Rodriguez,LB,Cleveland Browns,8,17017674,2017
402,Michael Anderson,OL,Cleveland Browns,8,16647978,2025
403,Robert Smith,OL,Cleveland Browns,8,43404292,2025
404,Kevin Rodriguez,S,Cleveland Browns,8,6620770,2018
405,Ryan Martinez,QB,Cleveland Browns,8,11393391,2016
406,Anthony Davis,RB,Cleveland Browns,8,16354472,2019
407,Kevin Smith,RB,Cleveland Browns,8,25731508,2020
408,James Jones,K,Cleveland Browns,8,7289354,2022
409,Robert Taylor,CB,Cleveland Browns,8,10830641,2018
410,Eric Martinez,K,Cleveland Browns,8,11631577,2024
411,Brandon Garcia,OL,Cleveland Browns,8,8617481,2025
412,John Jackson,WR,Cleveland Browns,8,44856682,2025
413,Mark Smith,WR,Cleveland Browns,8,19139746,2021
414,Chris Rodriguez,WR,Cleveland Browns,8,11894760,2021
415,Andrew Jones,QB,Cleveland Browns,8,6276202,2017
416,Justin Jackson,CB,Cleveland Browns,8,28792477,2025
417,Anthony Thomas,OL,Cleveland Browns,8,8704415,2021
418,Daniel Garcia,QB,Cleveland Browns,8,20421957,2015
419,Mark Miller,OL,Cleveland Browns,8,29908049,2024
420,Paul Taylor,OL,Cleveland Browns,8,16840569,2016
421,Jason Smith,CB,Cleveland Browns,8,29439684,2015
422,Daniel Smith,K,Cleveland Browns,8,40475947,2017
423,Paul Wilson,P,Cleveland Browns,8,1553731,2015
424,Jason Taylor,LB,Cleveland Browns,8,32817531,2025
425,Brandon Williams,P,Dallas Cowboys,9,43204209,2016
426,Michael Jones,TE,Dallas Cowboys,9,17304627,2025
427,Justin Gonzalez,OL,Dallas Cowboys,9,8074625,2022
428,Mark Jackson,CB,Dallas Cowboys,9,8655152,2015
429,Brandon Gonzalez,LB,Dallas Cowboys,9,44667883,2017
430,David Garcia,TE,Dallas Cowboys,9,22423362,2018
431,Daniel Gonzalez,P,Dallas Cowboys,9,22234917,2019
432,Eric Williams,TE,Dallas Cowboys,9,44173555,2025
433,Brian Gonzalez,K,Dallas Cowboys,9,31038234,2016
434,Robert Lopez,DL,Dallas Cowboys,9,38995118,2017
435,Ryan Gonzalez,TE,Dallas Cowboys,9,20274799,2021
436,Robert Moore,S,Dallas Cowboys,9,24789935,2018
437,Eric Lopez,DL,Dallas Cowboys,9,20408144,2017
438,Michael Hernandez,K,Dallas Cowboys,9,28057120,2020
439,William Rodriguez,RB,Dallas Cowboys,9,21304903,2017
440,Jason Rodriguez,TE,Dallas Cowboys,9,33405781,2022
441,Brian Gonzalez,WR,Dallas Cowboys,9,14354206,2021
442,David Martin,CB,Dallas Cowboys,9,1776336,2022
443,Brandon Davis,TE,Dallas Cowboys,9,26603047,2024
444,Mark Garcia,CB,Dallas Cowboys,9,27878821,2021
445,Mark Anderson,LB,Dallas Cowboys,9,13622459,2016
446,Chris Hernandez,K,Dallas Cowboys,9,30268642,2018
447,Michael Gonzalez,S,Dallas Cowboys,9,28409249,2023
448,Mark Thomas,TE,Dallas Cowboys,9,38815190,2022
449,David Lopez,TE,Dallas Cowboys,9,1252423,2018
450,Joshua Jackson,CB,Dallas Cowboys,9,9858391,2020
451,Jason Davis,DL,Dallas Cowboys,9,36990226,2022
452,Brian Miller,TE,Dallas Cowboys,9,6796103,2021
453,William Davis,DL,Dallas Cowboys,9,3889948,2017
454,James Miller,S,Dallas Cowboys,9,7347159,2016
455,Kevin Wilson,DL,Dallas Cowboys,9,29985200,2017
456,Justin Jones,RB,Dallas Cowboys,9,21988349,2019
457,Paul Rodriguez,TE,Dallas Cowboys,9,9849426,2024
458,Joshua Jackson,QB,Dallas Cowboys,9,20943746,2023
459,Andrew Johnson,WR,Dallas Cowboys,9,26855034,2024
460,Eric Hernandez,OL,Dallas Cowboys,9,24533551,2025
461,Brandon Miller,OL,Dallas Cowboys,9,43158917,2018
462,Paul Miller,RB,Dallas Cowboys,9,18322244,2023
463,Joshua Davis,TE,Dallas Cowboys,9,5875864,2024
464,John Garcia,P,Dallas Cowboys,9,9928495,2016
465,Eric Hernandez,S,Dallas Cowboys,9,17343793,2018
466,Joshua Johnson,P,Dallas Cowboys,9,36353087,2023
467,Kevin Moore,CB,Dallas Cowboys,9,14013413,2019
468,Ryan Brown,WR,Dallas Cowboys,9,9572428,2025
469,Anthony Anderson,CB,Dallas Cowboys,9,27139033,2021
470,Paul Moore,K,Dallas Cowboys,9,41284763,2018
471,Mark Gonzalez,DL,Dallas Cowboys,9,22257006,2019
472,Daniel Taylor,OL,Dallas Cowboys,9,17712475,2019
473,Jason Moore,QB,Dallas Cowboys,9,11921234,2016
474,Robert Taylor,S,Dallas Cowboys,9,7077687,2016
475,Anthony Anderson,S,Dallas Cowboys,9,37663827,2024
476,Paul Miller,DL,Dallas Cowboys,9,4479477,2021
477,Justin Jones,OL,Dallas Cowboys,9,21622789,2016
478,William Jones,K,Denver Broncos,10,22911915,2016
479,Andrew Martinez,WR,Denver Broncos,10,28015255,2020
480,Brian Miller,CB,Denver Broncos,10,43206286,2022
481,James Jackson,P,Denver Broncos,10,11867156,2022
482,Mark Taylor,QB,Denver Broncos,10,43571122,2024
483,John Thomas,S,Denver Broncos,10,16765652,2023
484,Justin Davis,RB,Denver Broncos,10,19005717,2023
485,Justin Miller,K,Denver Broncos,10,32765251,2023
486,James Martinez,K,Denver Broncos,10,22331568,2019
487,Robert Rodriguez,RB,Denver Broncos,10,11451667,2023
488,Jason Garcia,TE,Denver Broncos,10,9400757,2018
489,Ryan Anderson,OL,Denver Broncos,10,25083213,2015
490,Paul Gonzalez,K,Denver Broncos,10,36673049,2020
491,John Thomas,RB,Denver Broncos,10,3746804,2024
492,Justin Garcia,S,Denver Broncos,10,1658406,2018
493,Kevin Rodriguez,S,Denver Broncos,10,40980750,2018
494,Kevin Martin,S,Denver Broncos,10,23518370,2018
495,Andrew Williams,LB,Denver Broncos,10,36019790,2016
496,Brandon Anderson,RB,Denver Broncos,10,24606159,2020
497,Joshua Jackson,RB,Denver Broncos,10,36298307,2016
498,Robert Brown,P,Denver Broncos,10,13990367,2015
499,Joshua Anderson,DL,Denver Broncos,10,9223113,2025
500,Daniel Martinez,K,Denver Broncos,10,2275003,2022
501,David Wilson,S,Denver Broncos,10,11141377,2021
502,Joshua Rodriguez,WR,Denver Broncos,10,17126739,2025
503,Chris Davis,LB,Denver Broncos,10,34055453,2017
504,James Lopez,DL,Denver Broncos,10,5722263,2015
505,Kevin Moore,S,Denver Broncos,10,13148378,2020
506,Joshua Lopez,RB,Denver Broncos,10,4890254,2015
507,Mark Taylor,OL,Denver Broncos,10,30196068,2019
508,Paul Gonzalez,QB,Denver Broncos,10,2685934,2024
509,Jason Hernandez,DL,Denver Broncos,10,35568090,2019
510,Paul Thomas,QB,Denver Broncos,10,7322888,2020
511,Mark Jackson,WR,Denver Broncos,10,28120112,2020
512,Kevin Martin,DL,Denver Broncos,10,43264118,2025
513,Justin Jackson,CB,Denver Broncos,10,32430446,2015
514,James Rodriguez,QB,Denver Broncos,10,40656242,2017
515,Kevin Smith,S,Denver Broncos,10,17033316,2021
516,Robert Johnson,QB,Denver Broncos,10,30154018,2024
517,Eric Hernandez,QB,Denver Broncos,10,29571718,2018
518,Joshua Davis,QB,Denver Broncos,10,8178223,2022
519,William Moore,RB,Denver Broncos,10,13210021,2023
520,Brandon Lopez,CB,Denver Broncos,10,40212052,2025
521,John Hernandez,RB,Denver Broncos,10,16131604,2025
522,Joshua Gonzalez,LB,Denver Broncos,10,27865253,2019
523,Brian Anderson,DL,Denver Broncos,10,18165537,2018
524,David Anderson,WR,Denver Broncos,10,9961862,2017
525,Robert Taylor,CB,Denver Broncos,10,16962749,2023
526,Brian Martin,K,Denver Broncos,10,10617043,2020
527,Mark Jackson,WR,Denver Broncos,10,3384668,2018
528,Ryan Johnson,OL,Denver Broncos,10,39209727,2025
529,John Gonzalez,DL,Denver Broncos,10,18046051,2025
530,William Davis,S,Denver Broncos,10,38846015,2023
531,Brandon Hernandez,RB,Detroit Lions,11,42434611,2025
532,Joshua Anderson,OL,Detroit Lions,11,6922410,2022
533,Paul Hernandez,K,Detroit Lions,11,13758263,2015
534,Brian Anderson,P,Detroit Lions,11,2471080,2023
535,Anthony Miller,P,Detroit Lions,11,26027572,2024
536,Joshua Anderson,TE,Detroit Lions,11,2307780,2020
537,Kevin Jones,LB,Detroit Lions,11,15355473,2017
538,Kevin Wilson,RB,Detroit Lions,11,14669759,2023
539,Chris Martin,WR,Detroit Lions,11,33553882,2025
540,David Taylor,P,Detroit Lions,11,35823624,2019
541,Joshua Anderson,RB,Detroit Lions,11,26795856,2024
542,Paul Anderson,WR,Detroit Lions,11,42377856,2020
543,Ryan Hernandez,DL,Detroit Lions,11,27692234,2019
544,Joshua Miller,OL,Detroit Lions,11,9950791,2016
545,Daniel Taylor,RB,Detroit Lions,11,40372231,2021
546,Paul Hernandez,LB,Detroit Lions,11,34007009,2016
547,David Lopez,DL,Detroit Lions,11,1390129,2020
548,Eric Taylor,OL,Detroit Lions,11,36693680,2023
549,Joshua Garcia,QB,Detroit Lions,11,21171307,2021
550,James Wilson,DL,Detroit Lions,11,27720458,2023
551,William Thomas,RB,Detroit Lions,11,38751151,2017
552,Jason Garcia,OL,Detroit Lions,11,11645205,2024
553,Anthony Williams,DL,Detroit Lions,11,34003362,2021
554,Brandon Williams,K,Detroit Lions,11,14849829,2016
555,Eric Rodriguez,RB,Detroit Lions,11,36292211,2024
556,Kevin Jones,DL,Detroit Lions,11,7409440,2024
557,Kevin Rodriguez,K,Detroit Lions,11,25997321,2024
558,Daniel Garcia,QB,Detroit Lions,11,21318006,2025
559,Ryan Rodriguez,TE,Detroit Lions,11,31260458,2019
560,Brian Brown,K,Detroit Lions,11,7019699,2021
561,Mark Williams,P,Detroit Lions,11,42091256,2023
562,James Rodriguez,DL,Detroit Lions,11,29175317,2022
563,David Anderson,QB,Detroit Lions,11,13457583,2022
564,Ryan Gonzalez,RB,Detroit Lions,11,39090094,2021
565,Paul Williams,S,Detroit Lions,11,18540771,2024
566,Anthony Brown,QB,Detroit Lions,11,24733012,2018
567,James Gonzalez,K,Detroit Lions,11,2048694,2022
568,Joshua Smith,P,Detroit Lions,11,3244419,2017
569,Robert Hernandez,K,Detroit Lions,11,40283374,2025
570,Andrew Miller,LB,Detroit Lions,11,35949665,2022
571,Mark Jackson,S,Detroit Lions,11,33247707,2020
572,Robert Lopez,QB,Detroit Lions,11,5248945,2015
573,Chris Wilson,TE,Detroit Lions,11,29479319,2023
574,Justin Hernandez,OL,Detroit Lions,11,24869633,2023
575,Paul Miller,DL,Detroit Lions,11,30849244,2017
576,Paul Smith,P,Detroit Lions,11,18657093,2018
577,Andrew Wilson,DL,Detroit Lions,11,4582235,2023
578,Chris Anderson,QB,Detroit Lions,11,28483067,2021
579,Kevin Thomas,K,Detroit Lions,11,39157741,2017
580,Robert Thomas,CB,Detroit Lions,11,35029388,2021
581,Anthony Johnson,TE,Detroit Lions,11,44091983,2018
582,Andrew Martinez,OL,Detroit Lions,11,24911141,2020
583,Justin Smith,RB,Detroit Lions,11,8896884,2024
584,Michael Jackson,K,Green Bay Packers,12,14503532,2024
585,William Garcia,LB,Green Bay Packers,12,19431108,2019
586,Daniel Jackson,K,Green Bay Packers,12,28490622,2018
587,Jason Lopez,OL,Green Bay Packers,12,15496720,2019
588,Anthony Garcia,S,Green Bay Packers,12,26382090,2016
589,John Hernandez,TE,Green Bay Packers,12,22801780,2024
590,Kevin Smith,K,Green Bay Packers,12,28222745,2023
591,Ryan Miller,RB,Green Bay Packers,12,30528143,2019
592,John Brown,TE,Green Bay Packers,12,33893154,2019
593,David Moore,LB,Green Bay Packers,12,4950814,2024
594,Paul Wilson,S,Green Bay Packers,12,27901137,2021
595,Justin Jackson,LB,Green Bay Packers,12,32474054,2020
596,Robert Williams,OL,Green Bay Packers,12,14508874,2024
597,Kevin Brown,RB,Green Bay Packers,12,14203229,2023
598,Justin Taylor,CB,Green Bay Packers,12,17590172,2022
599,Ryan Wilson,WR,Green Bay Packers,12,39273826,2021
600,Ryan Hernandez,CB,Green Bay Packers,12,31023369,2023
601,Paul Brown,LB,Green Bay Packers,12,30399519,2015
602,Anthony Garcia,RB,Green Bay Packers,12,36686950,2020
603,Jason Garcia,RB,Green Bay Packers,12,37994116,2020
604,Anthony Martinez,DL,Green Bay Packers,12,16765409,2018
605,Paul Smith,LB,Green Bay Packers,12,22360712,2024
606,Chris Martinez,QB,Green Bay Packers,12,19661599,2017
607,Eric Wilson,CB,Green Bay Packers,12,22080841,2017
608,Paul Garcia,TE,Green Bay Packers,12,41610781,2023
609,Joshua Moore,TE,Green Bay Packers,12,35823711,2017
610,Justin Martin,TE,Green Bay Packers,12,27685862,2021
611,Kevin Gonzalez,P,Green Bay Packers,12,32417484,2021
612,Paul Jones,DL,Green Bay Packers,12,37828211,2024
613,Daniel Martinez,QB,Green Bay Packers,12,7477794,2025
614,Paul Taylor,OL,Green Bay Packers,12,10966612,2016
615,Michael Garcia,K,Green Bay Packers,12,33141378,2020
616,Michael Rodriguez,WR,Green Bay Packers,12,926283,2015
617,Kevin Martin,QB,Green Bay Packers,12,11548814,2017
618,Andrew Smith,OL,Green Bay Packers,12,5864899,2019
619,Joshua Brown,CB,Green Bay Packers,12,31103171,2022
620,Daniel Thomas,LB,Green Bay Packers,12,23247023,2015
621,John Wilson,DL,Green Bay Packers,12,13993293,2023
622,Ryan Hernandez,TE,Green Bay Packers,12,10967961,2022
623,Anthony Gonzalez,WR,Green Bay Packers,12,8945700,2018
624,Paul Brown,S,Green Bay Packers,12,41349775,2023
625,Mark Hernandez,S,Green Bay Packers,12,24168696,2024
626,Robert Garcia,QB,Green Bay Packers,12,35156103,2021
627,Justin Miller,DL,Green Bay Packers,12,27887258,2023
628,Mark Miller,QB,Green Bay Packers,12,20788529,2023
629,Andrew Miller,OL,Green Bay Packers,12,23411944,2019
630,Robert Wilson,WR,Green Bay Packers,12,7802406,2018
631,Ryan Taylor,S,Green Bay Packers,12,33850192,2019
632,David Smith,CB,Green Bay Packers,12,28016872,2025
633,Justin Jones,S,Green Bay Packers,12,19222984,2023
634,Brian Anderson,DL,Green Bay Packers,12,30850847,2018
635,Andrew Jones,WR,Green Bay Packers,12,26457090,2015
636,Justin Rodriguez,OL,Green Bay Packers,12,42848702,2018
637,James Williams,QB,Houston Texans,13,33390330,2022
638,Brandon Brown,DL,Houston Texans,13,30013857,2025
639,James Rodriguez,RB,Houston Texans,13,14445986,2021
640,Anthony Williams,S,Houston Texans,13,38840122,2019
641,Robert Hernandez,OL,Houston Texans,13,39593140,2018
642,Brandon Martin,RB,Houston Texans,13,2048014,2021
643,William Martin,S,Houston Texans,13,44447443,2025
644,Brandon Anderson,RB,Houston Texans,13,9572750,2015
645,James Garcia,S,Houston Texans,13,33291141,2016
646,Mark Hernandez,LB,Houston Texans,13,27668335,2021
647,Joshua Thomas,TE,Houston Texans,13,7536765,2021
648,Brandon Davis,OL,Houston Texans,13,25668584,2020
649,Robert Hernandez,TE,Houston Texans,13,19822457,2023
650,Justin Miller,S,Houston Texans,13,30175056,2019
651,Joshua Martinez,DL,Houston Texans,13,24828901,2020
652,Eric Johnson,DL,Houston Texans,13,42014023,2021
653,Justin Thomas,K,Houston Texans,13,22656613,2015
654,James Rodriguez,RB,Houston Texans,13,41414507,2021
655,Chris Davis,DL,Houston Texans,13,14572492,2016
656,Andrew Thomas,LB,Houston Texans,13,30360020,2019
657,Robert Williams,K,Houston Texans,13,5193769,2025
658,Mark Davis,LB,Houston Texans,13,16841860,2018
659,Ryan Jones,LB,Houston Texans,13,39875978,2016
660,Ryan Jackson,LB,Houston Texans,13,22629070,2016
661,James Jones,LB,Houston Texans,13,8847008,2016
662,John Jones,S,Houston Texans,13,14918024,2025
663,James Thomas,TE,Houston Texans,13,1726879,2018
664,James Gonzalez,TE,Houston Texans,13,35072466,2023
665,Anthony Wilson,TE,Houston Texans,13,27007524,2023
666,Eric Gonzalez,K,Houston Texans,13,30335409,2016
667,Andrew Garcia,TE,Houston Texans,13,16370778,2021
668,Justin Jones,WR,Houston Texans,13,27894891,2023
669,Kevin Smith,S,Houston Texans,13,20837433,2021
670,Brian Anderson,WR,Houston Texans,13,4388067,2020
671,Paul Taylor,DL,Houston Texans,13,29331567,2021
672,Ryan Martin,CB,Houston Texans,13,39245572,2022
673,Kevin Davis,CB,Houston Texans,13,27458974,2021
674,Paul Lopez,OL,Houston Texans,13,4344287,2025
675,Andrew Hernandez,CB,Houston Texans,13,21318310,2024
676,Kevin Moore,TE,Houston Texans,13,13065838,2025
677,Joshua Thomas,CB,Houston Texans,13,29261039,2022
678,Brian Rodriguez,TE,Houston Texans,13,25748954,2019
679,Brian Martinez,QB,Houston Texans,13,22582912,2018
680,Kevin Moore,WR,Houston Texans,13,1368472,2018
681,Brandon Garcia,K,Houston Texans,13,13322523,2016
682,Daniel Williams,DL,Houston Texans,13,18725692,2025
683,Brian Thomas,CB,Houston Texans,13,11104985,2025
684,Eric Lopez,CB,Houston Texans,13,17893451,2020
685,Andrew Hernandez,WR,Houston Texans,13,15752864,2025
686,Paul Brown,CB,Houston Texans,13,40793284,2015
687,Daniel Thomas,S,Houston Texans,13,23206014,2023
688,John Davis,S,Houston Texans,13,31226601,2023
689,David Smith,CB,Houston Texans,13,29258859,2024
690,Kevin Lopez,WR,Indianapolis Colts,14,43177015,2018
691,James Miller,WR,Indianapolis Colts,14,18874862,2020
692,Kevin Thomas,QB,Indianapolis Colts,14,2429291,2015
693,Paul Jones,LB,Indianapolis Colts,14,14013464,2024
694,Jason Thomas,OL,Indianapolis Colts,14,13337170,2019
695,Joshua Martinez,OL,Indianapolis Colts,14,42970207,2020
696,Brian Wilson,OL,Indianapolis Colts,14,16317782,2022
697,Michael Jackson,LB,Indianapolis Colts,14,5054437,2019
698,Brian Jackson,K,Indianapolis Colts,14,27932019,2019
699,David Wilson,S,Indianapolis Colts,14,31852707,2023
700,Ryan Williams,QB,Indianapolis Colts,14,37634553,2017
701,James Gonzalez,P,Indianapolis Colts,14,14928266,2018
702,Paul Taylor,LB,Indianapolis Colts,14,19622784,2024
703,James Martinez,WR,Indianapolis Colts,14,9742926,2021
704,Brandon Rodriguez,CB,Indianapolis Colts,14,23214507,2021
705,Joshua Thomas,TE,Indianapolis Colts,14,32181881,2016
706,Robert Jones,TE,Indianapolis Colts,14,9538452,2018
707,William Jones,S,Indianapolis Colts,14,18642783,2018
708,Brian Hernandez,OL,Indianapolis Colts,14,19973176,2024
709,Andrew Martin,WR,Indianapolis Colts,14,24523231,2019
710,Brandon Thomas,WR,Indianapolis Colts,14,43881398,2020
711,Eric Thomas,TE,Indianapolis Colts,14,17981929,2018
712,Michael Smith,LB,Indianapolis Colts,14,1096628,2017
713,Ryan Lopez,RB,Indianapolis Colts,14,30684011,2020
714,Mark Brown,S,Indianapolis Colts,14,15462592,2020
715,Justin Martinez,WR,Indianapolis Colts,14,43004055,2015
716,Anthony Williams,QB,Indianapolis Colts,14,3647234,2024
717,Brian Thomas,TE,Indianapolis Colts,14,12757813,2015
718,Daniel Miller,OL,Indianapolis Colts,14,37133142,2023
719,John Williams,P,Indianapolis Colts,14,15794804,2016
720,Kevin Smith,DL,Indianapolis Colts,14,22710507,2020
721,Kevin Lopez,CB,Indianapolis Colts,14,31126192,2022
722,Justin Anderson,K,Indianapolis Colts,14,17770031,2015
723,Robert Johnson,RB,Indianapolis Colts,14,28065547,2025
724,Eric Hernandez,K,Indianapolis Colts,14,9815366,2016
725,Michael Jackson,OL,Indianapolis Colts,14,32526858,2025
726,Michael Taylor,S,Indianapolis Colts,14,25152496,2016
727,James Moore,CB,Indianapolis Colts,14,3729178,2015
728,Brian Garcia,WR,Indianapolis Colts,14,32580157,2025
729,Anthony Moore,OL,Indianapolis Colts,14,40839705,2024
730,Brandon Lopez,S,Indianapolis Colts,14,36466612,2025
731,David Brown,OL,Indianapolis Colts,14,43133492,2018
732,Jason Brown,WR,Indianapolis Colts,14,12506718,2024
733,Robert Gonzalez,LB,Indianapolis Colts,14,26864103,2018
734,Ryan Taylor,S,Indianapolis Colts,14,3593264,2025
735,Ryan Johnson,K,Indianapolis Colts,14,15862360,2021
736,Ryan Brown,P,Indianapolis Colts,14,25463112,2025
737,Chris Jones,DL,Indianapolis Colts,14,2435551,2022
738,Joshua Thomas,WR,Indianapolis Colts,14,8937200,2016
739,Andrew Hernandez,OL,Indianapolis Colts,14,8774634,2015
740,John Jones,OL,Indianapolis Colts,14,35250406,2017
741,John Johnson,RB,Indianapolis Colts,14,24713950,2018
742,Jason Lopez,OL,Indianapolis Colts,14,31690469,2023
743,James Jackson,WR,Jacksonville Jaguars,15,17828354,2021
744,Ryan Hernandez,RB,Jacksonville Jaguars,15,30666042,2016
745,James Brown,QB,Jacksonville Jaguars,15,25563316,2021
746,Paul Moore,LB,Jacksonville Jaguars,15,16084216,2022
747,Michael Garcia,QB,Jacksonville Jaguars,15,19698757,2015
748,Robert Miller,RB,Jacksonville Jaguars,15,5390753,2015
749,Kevin Martin,QB,Jacksonville Jaguars,15,12548340,2015
750,David Johnson,RB,Jacksonville Jaguars,15,41386734,2020
751,Kevin Anderson,QB,Jacksonville Jaguars,15,10103478,2025
752,Jason Gonzalez,WR,Jacksonville Jaguars,15,17048895,2020
753,Anthony Hernandez,TE,Jacksonville Jaguars,15,9191418,2023
754,Brandon Brown,S,Jacksonville Jaguars,15,31835990,2023
755,Andrew Wilson,RB,Jacksonville Jaguars,15,8841033,2022
756,Anthony Martin,CB,Jacksonville Jaguars,15,30886212,2019
757,Brandon Jackson,OL,Jacksonville Jaguars,15,35565149,2016
758,David Davis,RB,Jacksonville Jaguars,15,36450338,2022
759,Andrew Davis,QB,Jacksonville Jaguars,15,40186600,2016
760,Andrew Rodriguez,CB,Jacksonville Jaguars,15,29668510,2020
761,John Davis,S,Jacksonville Jaguars,15,42411607,2017
762,Joshua Smith,LB,Jacksonville Jaguars,15,3146733,2020
763,Paul Brown,LB,Jacksonville Jaguars,15,26788728,2022
764,James Rodriguez,RB,Jacksonville Jaguars,15,43761119,2025
765,Ryan Martin,OL,Jacksonville Jaguars,15,23132404,2024
766,Brian Williams,LB,Jacksonville Jaguars,15,44872217,2022
767,Eric Garcia,RB,Jacksonville Jaguars,15,20046237,2018
768,William Anderson,TE,Jacksonville Jaguars,15,30120674,2019
769,Anthony Moore,TE,Jacksonville Jaguars,15,5630626,2016
770,Justin Miller,QB,Jacksonville Jaguars,15,4534131,2016
771,David Brown,OL,Jacksonville Jaguars,15,27161023,2025
772,Paul Garcia,QB,Jacksonville Jaguars,15,16780294,2016
773,Michael Lopez,TE,Jacksonville Jaguars,15,24952448,2025
774,Brandon Garcia,CB,Jacksonville Jaguars,15,24899611,2021
775,Mark Anderson,DL,Jacksonville Jaguars,15,7389187,2017
776,James Thomas,S,Jacksonville Jaguars,15,25150896,2018
777,Robert Martin,CB,Jacksonville Jaguars,15,7260862,2025
778,Paul Brown,WR,Jacksonville Jaguars,15,35796364,2024
779,Andrew Jones,OL,Jacksonville Jaguars,15,18761131,2024
780,Robert Anderson,RB,Jacksonville Jaguars,15,28896168,2016
781,Michael Lopez,WR,Jacksonville Jaguars,15,1037537,2024
782,Kevin Gonzalez,LB,Jacksonville Jaguars,15,1868239,2023
783,Robert Miller,S,Jacksonville Jaguars,15,27893737,2019
784,Justin Wilson,WR,Jacksonville Jaguars,15,1943146,2018
785,Anthony Smith,P,Jacksonville Jaguars,15,17137146,2020
786,John Johnson,S,Jacksonville Jaguars,15,44574491,2016
787,Paul Thomas,WR,Jacksonville Jaguars,15,13491389,2017
788,Brandon Wilson,P,Jacksonville Jaguars,15,31192972,2021
789,Daniel Brown,LB,Jacksonville Jaguars,15,28282320,2019
790,Anthony Hernandez,CB,Jacksonville Jaguars,15,32551307,2023
791,Andrew Smith,K,Jacksonville Jaguars,15,32036409,2024
792,Kevin Jackson,QB,Jacksonville Jaguars,15,42578530,2022
793,Joshua Johnson,S,Jacksonville Jaguars,15,40342416,2017
794,Michael Hernandez,DL,Jacksonville Jaguars,15,32650539,2018
795,Mark Hernandez,CB,Jacksonville Jaguars,15,15574474,2024
796,Eric Jones,RB,Kansas City Chiefs,16,5701178,2019
797,Michael Thomas,P,Kansas City Chiefs,16,13571919,2016
798,Michael Jackson,RB,Kansas City Chiefs,16,23137128,2021
799,Ryan Hernandez,P,Kansas City Chiefs,16,25976665,2021
800,Mark Smith,OL,Kansas City Chiefs,16,32938659,2015
801,Justin Hernandez,WR,Kansas City Chiefs,16,27778326,2015
802,William Davis,TE,Kansas City Chiefs,16,16238735,2020
803,Chris Wilson,OL,Kansas City Chiefs,16,4891421,2016
804,Chris Brown,LB,Kansas City Chiefs,16,24695211,2015
805,Brandon Wilson,DL,Kansas City Chiefs,16,18609514,2021
806,Jason Thomas,QB,Kansas City Chiefs,16,43497118,2017
807,Michael Rodriguez,OL,Kansas City Chiefs,16,4970796,2023
808,Brian Williams,OL,Kansas City Chiefs,16,42011627,2015
809,Paul Wilson,RB,Kansas City Chiefs,16,9034499,2023
810,Robert Taylor,RB,Kansas City Chiefs,16,11829361,2015
811,Chris Anderson,RB,Kansas City Chiefs,16,22582386,2021
812,John Garcia,S,Kansas City Chiefs,16,25631718,2020
813,Andrew Garcia,QB,Kansas City Chiefs,16,35276626,2021
814,William Jackson,WR,Kansas City Chiefs,16,20160893,2017
815,Justin Rodriguez,QB,Kansas City Chiefs,16,11818300,2022
816,Paul Davis,K,Kansas City Chiefs,16,43567982,2016
817,Michael Moore,K,Kansas City Chiefs,16,31341468,2022
818,John Wilson,K,Kansas City Chiefs,16,5981754,2021
819,Brian Johnson,WR,Kansas City Chiefs,16,43794757,2022
820,Robert Martinez,WR,Kansas City Chiefs,16,28078434,2022
821,William Williams,K,Kansas City Chiefs,16,12913217,2015
822,Robert Brown,S,Kansas City Chiefs,16,36332242,2017
823,Daniel Rodriguez,TE,Kansas City Chiefs,16,30935725,2023
824,Eric Jones,CB,Kansas City Chiefs,16,22803884,2017
825,Brandon Hernandez,TE,Kansas City Chiefs,16,40401492,2021
826,Daniel Wilson,P,Kansas City Chiefs,16,26681496,2018
827,Kevin Garcia,RB,Kansas City Chiefs,16,43793561,2017
828,Chris Garcia,WR,Kansas City Chiefs,16,1584299,2017
829,William Taylor,P,Kansas City Chiefs,16,9935587,2020
830,Mark Lopez,RB,Kansas City Chiefs,16,16792046,2019
831,Mark Moore,DL,Kansas City Chiefs,16,1475006,2015
832,Eric Williams,CB,Kansas City Chiefs,16,28519511,2018
833,James Johnson,QB,Kansas City Chiefs,16,41948000,2019
834,Justin Jones,TE,Kansas City Chiefs,16,35122361,2023
835,David Wilson,QB,Kansas City Chiefs,16,2576610,2017
836,Robert Moore,WR,Kansas City Chiefs,16,19027093,2025
837,David Miller,K,Kansas City Chiefs,16,34622126,2021
838,Chris Thomas,LB,Kansas City Chiefs,16,24138198,2025
839,Jason Wilson,QB,Kansas City Chiefs,16,23017815,2024
840,James Thomas,DL,Kansas City Chiefs,16,5817799,2016
841,Andrew Taylor,OL,Kansas City Chiefs,16,3323789,2019
842,Eric Hernandez,CB,Kansas City Chiefs,16,36214813,2018
843,Joshua Taylor,OL,Kansas City Chiefs,16,28768013,2021
844,Joshua Jackson,CB,Kansas City Chiefs,16,34639561,2017
845,Brandon Miller,TE,Kansas City Chiefs,16,28915727,2020
846,John Lopez,DL,Kansas City Chiefs,16,18128704,2025
847,William Brown,DL,Kansas City Chiefs,16,2435708,2017
848,Chris Garcia,S,Kansas City Chiefs,16,4314990,2020
849,David Williams,RB,Las Vegas Raiders,17,19466301,2022
850,Kevin Hernandez,LB,Las Vegas Raiders,17,21228641,2023
851,Michael Jones,CB,Las Vegas Raiders,17,23047084,2022
852,Brian Davis,OL,Las Vegas Raiders,17,44594547,2024
853,Kevin Davis,CB,Las Vegas Raiders,17,41117371,2018
854,Kevin Taylor,OL,Las Vegas Raiders,17,35531317,2021
855,Michael Smith,QB,Las Vegas Raiders,17,42558617,2024
856,John Brown,P,Las Vegas Raiders,17,9633444,2022
857,Daniel Hernandez,K,Las Vegas Raiders,17,22695280,2015
858,Eric Davis,TE,Las Vegas Raiders,17,31734654,2017
859,Daniel Taylor,S,Las Vegas Raiders,17,19057124,2020
860,Brian Williams,S,Las Vegas Raiders,17,2501822,2015
861,Jason Taylor,LB,Las Vegas Raiders,17,33641054,2021
862,Justin Martin,P,Las Vegas Raiders,17,31380665,2018
863,Justin Taylor,QB,Las Vegas Raiders,17,38376086,2016
864,Mark Hernandez,S,Las Vegas Raiders,17,6223093,2021
865,Daniel Johnson,P,Las Vegas Raiders,17,7044617,2025
866,Anthony Williams,OL,Las Vegas Raiders,17,15840923,2017
867,Daniel Hernandez,K,Las Vegas Raiders,17,22498341,2019
868,David Jackson,WR,Las Vegas Raiders,17,40872723,2018
869,Michael Rodriguez,K,Las Vegas Raiders,17,8393636,2021
870,Ryan Johnson,P,Las Vegas Raiders,17,22891869,2018
871,Anthony Jones,DL,Las Vegas Raiders,17,13985399,2023
872,Kevin Miller,S,Las Vegas Raiders,17,8952390,2016
873,Eric Davis,S,Las Vegas Raiders,17,29661390,2024
874,Brandon Jackson,QB,Las Vegas Raiders,17,31032954,2025
875,John Hernandez,QB,Las Vegas Raiders,17,33747286,2019
876,Ryan Martinez,TE,Las Vegas Raiders,17,8574444,2015
877,James Anderson,LB,Las Vegas Raiders,17,29612848,2018
878,Robert Smith,K,Las Vegas Raiders,17,35112974,2020
879,Eric Williams,OL,Las Vegas Raiders,17,15611179,2017
880,Eric Miller,S,Las Vegas Raiders,17,4577771,2022
881,Mark Martinez,K,Las Vegas Raiders,17,41034067,2023
882,William Miller,OL,Las Vegas Raiders,17,19047890,2020
883,Anthony Gonzalez,QB,Las Vegas Raiders,17,31188789,2019
884,Eric Lopez,S,Las Vegas Raiders,17,20115201,2018
885,Robert Rodriguez,K,Las Vegas Raiders,17,32029244,2024
886,John Martin,K,Las Vegas Raiders,17,16813042,2020
887,Brandon Jackson,K,Las Vegas Raiders,17,13994042,2018
888,John Davis,S,Las Vegas Raiders,17,40253026,2015
889,Mark Wilson,OL,Las Vegas Raiders,17,34949092,2022
890,Ryan Martin,K,Las Vegas Raiders,17,40526612,2018
891,John Gonzalez,TE,Las Vegas Raiders,17,34965320,2021
892,Jason Thomas,K,Las Vegas Raiders,17,31300640,2015
893,Michael Miller,CB,Las Vegas Raiders,17,17303302,2025
894,Ryan Anderson,P,Las Vegas Raiders,17,22484247,2023
895,Robert Smith,QB,Las Vegas Raiders,17,30112910,2015
896,James Wilson,K,Las Vegas Raiders,17,4152777,2024
897,Joshua Rodriguez,QB,Las Vegas Raiders,17,5707089,2021
898,Jason Wilson,S,Las Vegas Raiders,17,39618186,2020
899,Brian Taylor,TE,Las Vegas Raiders,17,15098209,2020
900,Paul Moore,OL,Las Vegas Raiders,17,13368522,2016
901,Daniel Miller,OL,Las Vegas Raiders,17,15229910,2025
902,Mark Hernandez,OL,Los Angeles Chargers,18,44816079,2021
903,Brian Garcia,P,Los Angeles Chargers,18,38373105,2018
904,Kevin Davis,S,Los Angeles Chargers,18,21076225,2024
905,Justin Williams,CB,Los Angeles Chargers,18,42328626,2024
906,Mark Davis,CB,Los Angeles Chargers,18,8313255,2024
907,Joshua Smith,TE,Los Angeles Chargers,18,39787305,2025
908,Andrew Williams,TE,Los Angeles Chargers,18,9718578,2024
909,Robert Anderson,OL,Los Angeles Chargers,18,23068616,2019
910,Eric Anderson,CB,Los Angeles Chargers,18,35890575,2023
911,Joshua Garcia,RB,Los Angeles Chargers,18,27005436,2016
912,Justin Hernandez,K,Los Angeles Chargers,18,36846442,2015
913,Brandon Wilson,OL,Los Angeles Chargers,18,26923743,2023
914,Anthony Jackson,CB,Los Angeles Chargers,18,26779992,2019
915,Michael Jones,CB,Los Angeles Chargers,18,12770124,2017
916,Chris Gonzalez,P,Los Angeles Chargers,18,38514769,2023
917,Robert Brown,RB,Los Angeles Chargers,18,40120218,2018
918,Eric Brown,WR,Los Angeles Chargers,18,9137317,2024
919,Daniel Garcia,S,Los Angeles Chargers,18,30324927,2022
920,Ryan Moore,OL,Los Angeles Chargers,18,24770389,2025
921,Kevin Jackson,RB,Los Angeles Chargers,18,31100514,2015
922,Kevin Johnson,OL,Los Angeles Chargers,18,21280422,2022
923,David Garcia,OL,Los Angeles Chargers,18,16649824,2025
924,Daniel Martin,P,Los Angeles Chargers,18,1813141,2024
925,John Jackson,TE,Los Angeles Chargers,18,7658369,2016
926,Kevin Jackson,K,Los Angeles Chargers,18,41714349,2022
927,Ryan Gonzalez,RB,Los Angeles Chargers,18,29690644,2015
928,James Martinez,DL,Los Angeles Chargers,18,32775240,2020
929,Eric Martinez,RB,Los Angeles Chargers,18,32867379,2022
930,Anthony Williams,RB,Los Angeles Chargers,18,28898700,2016
931,Brian Taylor,WR,Los Angeles Chargers,18,34438866,2019
932,Chris Jones,K,Los Angeles Chargers,18,28288877,2019
933,Chris Taylor,RB,Los Angeles Chargers,18,16241537,2017
934,Brian Hernandez,LB,Los Angeles Chargers,18,40498507,2023
935,Justin Williams,TE,Los Angeles Chargers,18,32137074,2018
936,Paul Williams,CB,Los Angeles Chargers,18,30892157,2025
937,Robert Gonzalez,QB,Los Angeles Chargers,18,824093,2024
938,Chris Jackson,WR,Los Angeles Chargers,18,39809625,2016
939,Daniel Anderson,K,Los Angeles Chargers,18,23852278,2024
940,Eric Johnson,CB,Los Angeles Chargers,18,23784488,2015
941,Joshua Anderson,S,Los Angeles Chargers,18,16373076,2018
942,William Smith,P,Los Angeles Chargers,18,18142371,2023
943,Jason Taylor,P,Los Angeles Chargers,18,11033106,2019
944,Eric Thomas,RB,Los Angeles Chargers,18,22786241,2017
945,Chris Lopez,RB,Los Angeles Chargers,18,22852175,2023
946,Brian Jackson,LB,Los Angeles Chargers,18,37612909,2024
947,Chris Taylor,P,Los Angeles Chargers,18,27026989,2023
948,William Davis,WR,Los Angeles Chargers,18,42487065,2017
949,Eric Smith,K,Los Angeles Chargers,18,31529171,2017
950,Kevin Jones,DL,Los Angeles Chargers,18,16173936,2018
951,Michael Rodriguez,S,Los Angeles Chargers,18,2715774,2024
952,James Brown,S,Los Angeles Chargers,18,3191543,2017
953,Jason Johnson,K,Los Angeles Chargers,18,19774796,2024
954,William Smith,DL,Los Angeles Chargers,18,33656213,2023
955,Daniel Garcia,LB,Los Angeles Rams,19,38276596,2021
956,Joshua Lopez,WR,Los Angeles Rams,19,18672657,2021
957,Ryan Garcia,K,Los Angeles Rams,19,41385184,2022
958,Paul Gonzalez,OL,Los Angeles Rams,19,6686740,2018
959,Anthony Garcia,P,Los Angeles Rams,19,29461305,2020
960,Robert Jackson,TE,Los Angeles Rams,19,38275938,2016
961,Kevin Moore,RB,Los Angeles Rams,19,30780634,2020
962,Brandon Rodriguez,DL,Los Angeles Rams,19,25482453,2024
963,Paul Davis,P,Los Angeles Rams,19,4306909,2015
964,Andrew Garcia,RB,Los Angeles Rams,19,14816109,2015
965,Brian Smith,OL,Los Angeles Rams,19,35697504,2019
966,Eric Williams,P,Los Angeles Rams,19,14400038,2018
967,Chris Johnson,LB,Los Angeles Rams,19,26282657,2022
968,Chris Wilson,WR,Los Angeles Rams,19,20418427,2020
969,Chris Johnson,K,Los Angeles Rams,19,1295821,2016
970,Jason Wilson,K,Los Angeles Rams,19,31167493,2020
971,Brian Garcia,TE,Los Angeles Rams,19,26869005,2022
972,John Gonzalez,K,Los Angeles Rams,19,19625519,2021
973,Justin Jones,LB,Los Angeles Rams,19,23961642,2015
974,James Brown,DL,Los Angeles Rams,19,21104250,2016
975,Andrew Davis,P,Los Angeles Rams,19,31115146,2018
976,Jason Thomas,P,Los Angeles Rams,19,34572792,2023
977,Eric Rodriguez,TE,Los Angeles Rams,19,13970419,2019
978,Andrew Martin,K,Los Angeles Rams,19,25789211,2015
979,Eric Lopez,TE,Los Angeles Rams,19,14964756,2024
980,Eric Martinez,WR,Los Angeles Rams,19,42357424,2016
981,Justin Wilson,WR,Los Angeles Rams,19,30551799,2022
982,Daniel Hernandez,DL,Los Angeles Rams,19,37272750,2025
983,Paul Williams,WR,Los Angeles Rams,19,38741919,2023
984,Brian Martinez,RB,Los Angeles Rams,19,32948264,2022
985,Ryan Lopez,DL,Los Angeles Rams,19,42114870,2025
986,Brian Johnson,LB,Los Angeles Rams,19,44503837,2022
987,Brian Martin,TE,Los Angeles Rams,19,41836102,2022
988,Kevin Moore,CB,Los Angeles Rams,19,2034850,2019
989,Andrew Davis,S,Los Angeles Rams,19,862536,2020
990,Paul Jackson,RB,Los Angeles Rams,19,1744243,2024
991,Anthony Williams,S,Los Angeles Rams,19,3426147,2021
992,Ryan Miller,P,Los Angeles Rams,19,8888963,2019
993,Jason Garcia,LB,Los Angeles Rams,19,33120300,2019
994,Brandon Jones,DL,Los Angeles Rams,19,34950613,2018
995,Anthony Garcia,OL,Los Angeles Rams,19,31134989,2022
996,Brian Anderson,K,Los Angeles Rams,19,1886400,2019
997,Paul Taylor,S,Los Angeles Rams,19,12005011,2015
998,Brandon Wilson,OL,Los Angeles Rams,19,8340039,2025
999,James Brown,CB,Los Angeles Rams,19,9382856,2024
1000,Kevin Williams,P,Los Angeles Rams,19,1568442,2023
1001,William Garcia,DL,Los Angeles Rams,19,24805401,2024
1002,Jason Moore,S,Los Angeles Rams,19,11999703,2024
1003,Daniel Martin,LB,Los Angeles Rams,19,5254701,2016
1004,Michael Jackson,TE,Los Angeles Rams,19,37717834,2019
1005,Mark Garcia,S,Los Angeles Rams,19,13683713,2017
1006,Ryan Moore,RB,Los Angeles Rams,19,7727038,2023
1007,Justin Miller,CB,Los Angeles Rams,19,44096201,2017
1008,Brandon Moore,QB,Miami Dolphins,20,35191138,2024
1009,William Thomas,LB,Miami Dolphins,20,22643740,2019
1010,Chris Martinez,CB,Miami Dolphins,20,40621665,2020
1011,Joshua Thomas,WR,Miami Dolphins,20,33869650,2019
1012,Jason Thomas,LB,Miami Dolphins,20,9771514,2023
1013,Kevin Wilson,K,Miami Dolphins,20,12786438,2022
1014,Paul Anderson,LB,Miami Dolphins,20,26198391,2024
1015,Andrew Garcia,RB,Miami Dolphins,20,42609103,2019
1016,John Johnson,K,Miami Dolphins,20,25194799,2021
1017,Andrew Taylor,QB,Miami Dolphins,20,27211677,2019
1018,John Taylor,K,Miami Dolphins,20,19725110,2019
1019,Chris Gonzalez,RB,Miami Dolphins,20,23278150,2020
1020,Mark Wilson,S,Miami Dolphins,20,15502102,2024
1021,Mark Martinez,OL,Miami Dolphins,20,6438756,2025
1022,Michael Taylor,OL,Miami Dolphins,20,26533176,2021
1023,James Brown,S,Miami Dolphins,20,10441792,2021
1024,Mark Taylor,TE,Miami Dolphins,20,11306017,2018
1025,Michael Garcia,CB,Miami Dolphins,20,24644275,2015
1026,Ryan Moore,LB,Miami Dolphins,20,5049775,2024
1027,Eric Johnson,DL,Miami Dolphins,20,18121049,2017
1028,James Brown,WR,Miami Dolphins,20,33069769,2016
1029,Chris Wilson,S,Miami Dolphins,20,9440185,2021
1030,Brandon Williams,LB,Miami Dolphins,20,11001813,2017
1031,William Martin,OL,Miami Dolphins,20,17129899,2025
1032,Brandon Anderson,S,Miami Dolphins,20,20286675,2015
1033,Paul Jackson,OL,Miami Dolphins,20,34383729,2023
1034,William Hernandez,TE,Miami Dolphins,20,33304349,2025
1035,Kevin Miller,LB,Miami Dolphins,20,28680997,2018
1036,Robert Gonzalez,DL,Miami Dolphins,20,33417399,2024
1037,Paul Williams,TE,Miami Dolphins,20,9984328,2023
1038,Brandon Anderson,QB,Miami Dolphins,20,2539473,2021
1039,David Martinez,S,Miami Dolphins,20,17438575,2020
1040,Joshua Anderson,CB,Miami Dolphins,20,1374487,2018
1041,Brandon Smith,S,Miami Dolphins,20,11493771,2016
1042,Anthony Davis,S,Miami Dolphins,20,44144476,2023
1043,David Hernandez,S,Miami Dolphins,20,44767722,2018
1044,William Moore,WR,Miami Dolphins,20,3504901,2022
1045,Paul Gonzalez,LB,Miami Dolphins,20,38149432,2018
1046,Robert Hernandez,S,Miami Dolphins,20,43537749,2023
1047,Kevin Rodriguez,QB,Miami Dolphins,20,27410121,2025
1048,Anthony Davis,CB,Miami Dolphins,20,32230069,2019
1049,Mark Johnson,CB,Miami Dolphins,20,29441946,2024
1050,Ryan Anderson,QB,Miami Dolphins,20,14807078,2017
1051,Chris Wilson,TE,Miami Dolphins,20,1510892,2020
1052,James Williams,DL,Miami Dolphins,20,20397123,2019
1053,Daniel Davis,OL,Miami Dolphins,20,30843047,2022
1054,David Smith,CB,Miami Dolphins,20,36638409,2022
1055,Paul Anderson,K,Miami Dolphins,20,18141693,2015
1056,James Hernandez,QB,Miami Dolphins,20,42622560,2023
1057,Joshua Smith,LB,Miami Dolphins,20,28502393,2022
1058,John Moore,CB,Miami Dolphins,20,23073160,2022
1059,John Garcia,QB,Miami Dolphins,20,31512658,2016
1060,Daniel Jackson,S,Miami Dolphins,20,19330258,2018
1061,David Anderson,QB,Minnesota Vikings,21,22898890,2015
1062,Mark Johnson,RB,Minnesota Vikings,21,41114080,2017
1063,Brian Miller,TE,Minnesota Vikings,21,43096976,2015
1064,Justin Taylor,P,Minnesota Vikings,21,33342586,2021
1065,Chris Thomas,P,Minnesota Vikings,21,39317124,2022
1066,Justin Moore,OL,Minnesota Vikings,21,28929656,2025
1067,David Davis,S,Minnesota Vikings,21,8240483,2024
1068,Brian Wilson,S,Minnesota Vikings,21,11135598,2022
1069,James Rodriguez,CB,Minnesota Vikings,21,28015611,2023
1070,Ryan Johnson,OL,Minnesota Vikings,21,27160332,2015
1071,Paul Moore,DL,Minnesota Vikings,21,24534460,2025
1072,Michael Wilson,K,Minnesota Vikings,21,40766246,2015
1073,Jason Johnson,K,Minnesota Vikings,21,18356574,2020
1074,Brandon Brown,LB,Minnesota Vikings,21,13892445,2025
1075,Mark Williams,WR,Minnesota Vikings,21,14165107,2024
1076,Mark Martin,TE,Minnesota Vikings,21,20138361,2017
1077,John Moore,TE,Minnesota Vikings,21,44459231,2020
1078,Andrew Johnson,S,Minnesota Vikings,21,35632805,2015
1079,Paul Hernandez,TE,Minnesota Vikings,21,32912459,2017
1080,Jason Garcia,RB,Minnesota Vikings,21,5197568,2020
1081,Jason Moore,RB,Minnesota Vikings,21,7063698,2015
1082,David Brown,P,Minnesota Vikings,21,2795802,2023
1083,Jason Miller,TE,Minnesota Vikings,21,28371063,2016
1084,James Smith,K,Minnesota Vikings,21,41810494,2018
1085,Joshua Martinez,DL,Minnesota Vikings,21,27546599,2017
1086,Kevin Jackson,CB,Minnesota Vikings,21,27259088,2024
1087,Mark Miller,P,Minnesota Vikings,21,37506025,2021
1088,Brian Smith,P,Minnesota Vikings,21,34931494,2022
1089,Anthony Martin,LB,Minnesota Vikings,21,7572661,2015
1090,Anthony Garcia,DL,Minnesota Vikings,21,18647134,2021
1091,Chris Gonzalez,RB,Minnesota Vikings,21,25812609,2017
1092,Robert Brown,LB,Minnesota Vikings,21,15975015,2015
1093,John Rodriguez,P,Minnesota Vikings,21,8678914,2017
1094,David Thomas,OL,Minnesota Vikings,21,12658604,2015
1095,Mark Gonzalez,LB,Minnesota Vikings,21,7133318,2025
1096,William Lopez,LB,Minnesota Vikings,21,33891033,2017
1097,Anthony Anderson,CB,Minnesota Vikings,21,37162036,2019
1098,William Gonzalez,LB,Minnesota Vikings,21,8489379,2023
1099,Mark Moore,LB,Minnesota Vikings,21,31212369,2024
1100,Daniel Garcia,QB,Minnesota Vikings,21,9280115,2025
1101,Michael Gonzalez,RB,Minnesota Vikings,21,35687053,2021
1102,William Johnson,P,Minnesota Vikings,21,19980461,2016
1103,Brian Jackson,LB,Minnesota Vikings,21,4903164,2019
1104,Ryan Martin,S,Minnesota Vikings,21,42577767,2021
1105,Chris Smith,OL,Minnesota Vikings,21,35481166,2016
1106,Eric Miller,RB,Minnesota Vikings,21,29046680,2022
1107,Robert Jackson,TE,Minnesota Vikings,21,29429012,2018
1108,Brian Moore,TE,Minnesota Vikings,21,7943427,2016
1109,Eric Garcia,OL,Minnesota Vikings,21,43708345,2018
1110,William Smith,QB,Minnesota Vikings,21,24380358,2021
1111,Ryan Garcia,P,Minnesota Vikings,21,2718838,2020
1112,Daniel Williams,WR,Minnesota Vikings,21,42486107,2023
1113,Michael Jones,P,Minnesota Vikings,21,14253580,2025
1114,James Jones,QB,New England Patriots,22,2666848,2025
1115,David Davis,OL,New England Patriots,22,32046712,2017
1116,Robert Gonzalez,LB,New England Patriots,22,40199285,2015
1117,Chris Johnson,OL,New England Patriots,22,41453120,2020
1118,Jason Davis,CB,New England Patriots,22,9777865,2020
1119,Ryan Jackson,P,New England Patriots,22,7311634,2018
1120,John Moore,CB,New England Patriots,22,41186199,2025
1121,Ryan Miller,QB,New England Patriots,22,13407656,2024
1122,Joshua Taylor,OL,New England Patriots,22,22562619,2020
1123,Kevin Jones,OL,New England Patriots,22,30100851,2024
1124,James Brown,OL,New England Patriots,22,33282718,2017
1125,Ryan Jones,K,New England Patriots,22,5849290,2023
1126,Anthony Davis,P,New England Patriots,22,41598575,2025
1127,Paul Lopez,OL,New England Patriots,22,13609033,2017
1128,Kevin Wilson,OL,New England Patriots,22,8821222,2016
1129,William Gonzalez,P,New England Patriots,22,9363228,2022
1130,Kevin Anderson,LB,New England Patriots,22,25102247,2020
1131,Justin Martinez,WR,New England Patriots,22,32585731,2023
1132,Paul Johnson,RB,New England Patriots,22,24254073,2016
1133,Eric Gonzalez,OL,New England Patriots,22,44654912,2022
1134,Paul Wilson,QB,New England Patriots,22,3211342,2022
1135,Eric Garcia,K,New England Patriots,22,44995331,2023
1136,John Martinez,WR,New England Patriots,22,25887865,2016
1137,Brandon Rodriguez,LB,New England Patriots,22,29573735,2015
1138,Joshua Lopez,DL,New England Patriots,22,40530748,2023
1139,Robert Moore,K,New England Patriots,22,12034958,2025
1140,Mark Martin,DL,New England Patriots,22,21319132,2022
1141,Robert Garcia,WR,New England Patriots,22,23329649,2019
1142,Andrew Wilson,TE,New England Patriots,22,2904726,2021
1143,Andrew Jackson,WR,New England Patriots,22,14873877,2024
1144,Jason Gonzalez,QB,New England Patriots,22,33934648,2025
1145,Chris Anderson,CB,New England Patriots,22,14836097,2019
1146,David Anderson,WR,New England Patriots,22,16199640,2021
1147,Paul Gonzalez,QB,New England Patriots,22,11308249,2023
1148,David Smith,QB,New England Patriots,22,38775810,2015
1149,Eric Brown,LB,New England Patriots,22,25046055,2019
1150,Jason Wilson,P,New England Patriots,22,27336501,2016
1151,Andrew Gonzalez,WR,New England Patriots,22,9662052,2025
1152,Andrew Wilson,LB,New England Patriots,22,21423989,2016
1153,Anthony Smith,DL,New England Patriots,22,14545475,2020
1154,Brian Rodriguez,WR,New England Patriots,22,39812411,2023
1155,Robert Jones,OL,New England Patriots,22,30861567,2025
1156,Joshua Brown,RB,New England Patriots,22,18054286,2017
1157,Jason Lopez,WR,New England Patriots,22,4948561,2018
1158,Michael Brown,S,New England Patriots,22,27837220,2022
1159,Joshua Jackson,DL,New England Patriots,22,2118919,2025
1160,Chris Anderson,P,New England Patriots,22,44111788,2015
1161,William Thomas,S,New England Patriots,22,4937751,2025
1162,Ryan Williams,DL,New England Patriots,22,41190691,2020
1163,Kevin Hernandez,S,New England Patriots,22,10441565,2021
1164,Ryan Taylor,WR,New England Patriots,22,26034597,2019
1165,Brandon Jackson,LB,New England Patriots,22,8310557,2020
1166,Justin Thomas,TE,New England Patriots,22,10551526,2025
1167,Mark Lopez,OL,New Orleans Saints,23,21879544,2018
1168,Brandon Davis,QB,New Orleans Saints,23,41933178,2018
1169,James Gonzalez,QB,New Orleans Saints,23,18173322,2021
1170,Mark Davis,OL,New Orleans Saints,23,4114654,2020
1171,Michael Gonzalez,QB,New Orleans Saints,23,15751659,2018
1172,Joshua Rodriguez,LB,New Orleans Saints,23,18743013,2016
1173,Chris Martin,P,New Orleans Saints,23,1224899,2020
1174,Michael Williams,LB,New Orleans Saints,23,3446031,2020
1175,Brandon Williams,S,New Orleans Saints,23,2084402,2023
1176,Paul Jones,S,New Orleans Saints,23,20304276,2017
1177,James Rodriguez,CB,New Orleans Saints,23,3994764,2021
1178,James Miller,DL,New Orleans Saints,23,37827380,2017
1179,Andrew Brown,CB,New Orleans Saints,23,33548609,2023
1180,Michael Miller,CB,New Orleans Saints,23,37122974,2015
1181,Chris Martin,LB,New Orleans Saints,23,4862032,2021
1182,Justin Martinez,OL,New Orleans Saints,23,44383451,2019
1183,Daniel Jackson,P,New Orleans Saints,23,16049708,2022
1184,James Moore,DL,New Orleans Saints,23,30121349,2024
1185,James Smith,CB,New Orleans Saints,23,18291166,2019
1186,Justin Thomas,TE,New Orleans Saints,23,15436493,2016
1187,Robert Moore,OL,New Orleans Saints,23,17795778,2024
1188,Kevin Thomas,LB,New Orleans Saints,23,5750236,2016
1189,Daniel Johnson,QB,New Orleans Saints,23,23084559,2016
1190,Anthony Martinez,QB,New Orleans Saints,23,25169865,2024
1191,Anthony Gonzalez,P,New Orleans Saints,23,9916422,2018
1192,William Johnson,P,New Orleans Saints,23,4553220,2018
1193,Joshua Hernandez,LB,New Orleans Saints,23,11745937,2016
1194,Chris Johnson,QB,New Orleans Saints,23,19220449,2021
1195,William Wilson,QB,New Orleans Saints,23,15758220,2021
1196,James Hernandez,P,New Orleans Saints,23,30817458,2017
1197,David Jackson,K,New Orleans Saints,23,31032498,2017
1198,James Smith,QB,New Orleans Saints,23,9753334,2018
1199,Daniel Lopez,K,New Orleans Saints,23,13986807,2015
1200,Andrew Jones,K,New Orleans Saints,23,29056741,2021
1201,Paul Taylor,CB,New Orleans Saints,23,3921713,2022
1202,Chris Taylor,CB,New Orleans Saints,23,25652251,2023
1203,James Jackson,S,New Orleans Saints,23,34446648,2016
1204,Kevin Anderson,LB,New Orleans Saints,23,44333304,2022
1205,John Johnson,RB,New Orleans Saints,23,23305331,2017
1206,Paul Smith,K,New Orleans Saints,23,33023277,2019
1207,Eric Brown,P,New Orleans Saints,23,23030256,2025
1208,Eric Lopez,TE,New Orleans Saints,23,2151225,2024
1209,Brandon Wilson,RB,New Orleans Saints,23,18408445,2019
1210,Chris Hernandez,LB,New Orleans Saints,23,17925484,2025
1211,William Rodriguez,K,New Orleans Saints,23,17215845,2016
1212,Paul Rodriguez,RB,New Orleans Saints,23,29402145,2024
1213,Eric Jackson,DL,New Orleans Saints,23,24947841,2019
1214,Kevin Thomas,QB,New Orleans Saints,23,33542730,2019
1215,John Jones,WR,New Orleans Saints,23,19997931,2020
1216,Brandon Williams,WR,New Orleans Saints,23,26526438,2021
1217,Daniel Jackson,CB,New Orleans Saints,23,27784356,2021
1218,Mark Davis,K,New Orleans Saints,23,3334701,2021
1219,Andrew Thomas,QB,New Orleans Saints,23,15733454,2022
1220,Paul Martin,OL,New York Giants,24,4971013,2020
1221,Brian Thomas,S,New York Giants,24,18833206,2016
1222,David Gonzalez,QB,New York Giants,24,3815250,2018
1223,William Jones,P,New York Giants,24,24720037,2022
1224,James Martin,DL,New York Giants,24,41177396,2018
1225,Anthony Brown,QB,New York Giants,24,9720664,2015
1226,William Anderson,WR,New York Giants,24,31072130,2016
1227,Daniel Moore,OL,New York Giants,24,1691648,2017
1228,Daniel Davis,TE,New York Giants,24,38691781,2023
1229,Mark Smith,S,New York Giants,24,41986856,2022
1230,Jason Davis,QB,New York Giants,24,17642314,2016
1231,Chris Johnson,LB,New York Giants,24,20830526,2018
1232,Jason Martinez,WR,New York Giants,24,8724429,2018
1233,Daniel Garcia,TE,New York Giants,24,18390733,2017
1234,Justin Smith,OL,New York Giants,24,37456911,2023
1235,Andrew Williams,QB,New York Giants,24,31685305,2016
1236,James Hernandez,CB,New York Giants,24,26809540,2016
1237,Joshua Lopez,P,New York Giants,24,40321587,2015
1238,Andrew Smith,WR,New York Giants,24,32007568,2025
1239,Michael Smith,S,New York Giants,24,24069244,2023
1240,James Davis,WR,New York Giants,24,6114386,2023
1241,Joshua Anderson,P,New York Giants,24,30461485,2018
1242,Brandon Brown,P,New York Giants,24,12957276,2024
1243,Eric Gonzalez,LB,New York Giants,24,42398111,2023
1244,Ryan Rodriguez,P,New York Giants,24,27379154,2024
1245,William Johnson,K,New York Giants,24,26913280,2023
1246,Chris Garcia,P,New York Giants,24,6988598,2021
1247,John Williams,K,New York Giants,24,32649201,2017
1248,Justin Martinez,CB,New York Giants,24,13122175,2024
1249,Justin Thomas,P,New York Giants,24,42508215,2019
1250,Brian Johnson,DL,New York Giants,24,4010577,2021
1251,Mark Gonzalez,CB,New York Giants,24,32728864,2023
1252,Michael Garcia,P,New York Giants,24,35519507,2019
1253,James Garcia,P,New York Giants,24,25934830,2023
1254,Ryan Garcia,OL,New York Giants,24,2204419,2021
1255,Justin Martinez,LB,New York Giants,24,44686273,2021
1256,Brandon Martinez,CB,New York Giants,24,42935148,2024
1257,Anthony Lopez,K,New York Giants,24,37702639,2025
1258,Michael Anderson,CB,New York Giants,24,29761305,2017
1259,Ryan Davis,P,New York Giants,24,33867216,2021
1260,James Wilson,P,New York Giants,24,35631984,2015
1261,Eric Williams,LB,New York Giants,24,17919238,2018
1262,Brian Davis,QB,New York Giants,24,14920287,2025
1263,Michael Martin,TE,New York Giants,24,5945065,2016
1264,Andrew Thomas,LB,New York Giants,24,5888766,2021
1265,Daniel Wilson,WR,New York Giants,24,43796078,2022
1266,Mark Davis,TE,New York Giants,24,29037924,2015
1267,Andrew Rodriguez,WR,New York Giants,24,7722075,2022
1268,Brandon Miller,P,New York Giants,24,28544982,2021
1269,Paul Smith,RB,New York Giants,24,12426778,2016
1270,John Lopez,TE,New York Giants,24,35209166,2019
1271,Daniel Davis,DL,New York Giants,24,31708059,2019
1272,Robert Moore,S,New York Giants,24,20743522,2017
1273,Brian Rodriguez,WR,New York Jets,25,16968225,2016
1274,James Thomas,CB,New York Jets,25,4105795,2019
1275,Chris Jones,DL,New York Jets,25,25746924,2021
1276,Joshua Wilson,CB,New York Jets,25,10053007,2025
1277,Kevin Martin,RB,New York Jets,25,11105653,2021
1278,Mark Anderson,CB,New York Jets,25,25420510,2017
1279,James Garcia,CB,New York Jets,25,6340497,2022
1280,Eric Gonzalez,OL,New York Jets,25,9882568,2024
1281,Robert Moore,S,New York Jets,25,25604709,2015
1282,David Thomas,LB,New York Jets,25,13977781,2023
1283,Robert Hernandez,P,New York Jets,25,19394276,2017
1284,William Lopez,S,New York Jets,25,1891704,2016
1285,Paul Jackson,K,New York Jets,25,15934058,2025
1286,Eric Thomas,RB,New York Jets,25,31940809,2018
1287,Kevin Lopez,RB,New York Jets,25,43013778,2016
1288,Daniel Garcia,K,New York Jets,25,15674258,2015
1289,Daniel Smith,LB,New York Jets,25,7844191,2025
1290,Anthony Thomas,LB,New York Jets,25,4695180,2017
1291,Jason Smith,LB,New York Jets,25,13962865,2016
1292,Robert Jones,CB,New York Jets,25,42444699,2015
1293,Anthony Martin,S,New York Jets,25,16536213,2024
1294,Michael Hernandez,TE,New York Jets,25,1721535,2025
1295,Ryan Thomas,RB,New York Jets,25,23222877,2021
1296,John Garcia,LB,New York Jets,25,30809884,2022
1297,Mark Martin,RB,New York Jets,25,41457825,2021
1298,Chris Lopez,DL,New York Jets,25,35381955,2021
1299,Justin Hernandez,K,New York Jets,25,38910393,2016
1300,James Jackson,TE,New York Jets,25,33173460,2023
1301,Mark Hernandez,RB,New York Jets,25,35694327,2017
1302,Robert Thomas,DL,New York Jets,25,27870956,2023
1303,James Lopez,DL,New York Jets,25,24586403,2015
1304,Chris Martinez,K,New York Jets,25,37478712,2015
1305,Paul Brown,TE,New York Jets,25,10437805,2022
1306,Paul Davis,WR,New York Jets,25,43262495,2019
1307,Andrew Jackson,DL,New York Jets,25,26001350,2019
1308,Chris Rodriguez,P,New York Jets,25,7071047,2016
1309,Chris Rodriguez,CB,New York Jets,25,7587881,2015
1310,James Rodriguez,K,New York Jets,25,27512470,2023
1311,Eric Thomas,QB,New York Jets,25,13099199,2022
1312,Jason Jones,S,New York Jets,25,9647635,2016
1313,Daniel Gonzalez,DL,New York Jets,25,27843489,2018
1314,Robert Moore,QB,New York Jets,25,37562731,2022
1315,Kevin Wilson,RB,New York Jets,25,38483831,2023
1316,David Johnson,RB,New York Jets,25,37237401,2025
1317,Joshua Williams,OL,New York Jets,25,18168948,2022
1318,Joshua Jackson,LB,New York Jets,25,6315870,2019
1319,John Wilson,RB,New York Jets,25,3090273,2015
1320,Brandon Anderson,QB,New York Jets,25,1643887,2020
1321,Joshua Rodriguez,OL,New York Jets,25,15283380,2017
1322,Ryan Rodriguez,OL,New York Jets,25,2495864,2016
1323,Anthony Thomas,OL,New York Jets,25,11261268,2025
1324,Eric Hernandez,LB,New York Jets,25,1417909,2015
1325,John Moore,K,New York Jets,25,22135318,2025
1326,Eric Martinez,K,Philadelphia Eagles,26,15793390,2025
1327,James Taylor,RB,Philadelphia Eagles,26,2296098,2022
1328,Paul Garcia,TE,Philadelphia Eagles,26,1082454,2023
1329,Paul Brown,WR,Philadelphia Eagles,26,12910114,2025
1330,Kevin Gonzalez,QB,Philadelphia Eagles,26,10825170,2018
1331,Daniel Rodriguez,WR,Philadelphia Eagles,26,12262172,2021
1332,Ryan Jones,P,Philadelphia Eagles,26,41431600,2018
1333,Justin Martinez,DL,Philadelphia Eagles,26,37452577,2017
1334,Daniel Jackson,LB,Philadelphia Eagles,26,18305669,2019
1335,Paul Williams,OL,Philadelphia Eagles,26,12887626,2018
1336,Jason Smith,QB,Philadelphia Eagles,26,12812572,2020
1337,Jason Wilson,P,Philadelphia Eagles,26,37737170,2018
1338,Mark Gonzalez,WR,Philadelphia Eagles,26,9455539,2020
1339,Anthony Brown,TE,Philadelphia Eagles,26,6093655,2015
1340,Chris Williams,CB,Philadelphia Eagles,26,21877628,2025
1341,Brian Lopez,S,Philadelphia Eagles,26,12011829,2021
1342,Anthony Davis,OL,Philadelphia Eagles,26,13049237,2018
1343,Jason Martinez,CB,Philadelphia Eagles,26,5885324,2018
1344,Robert Thomas,WR,Philadelphia Eagles,26,15202282,2017
1345,Robert Martin,S,Philadelphia Eagles,26,3499263,2016
1346,James Thomas,LB,Philadelphia Eagles,26,15252741,2016
1347,Anthony Thomas,CB,Philadelphia Eagles,26,14715960,2015
1348,Daniel Thomas,CB,Philadelphia Eagles,26,23106713,2020
1349,Eric Smith,QB,Philadelphia Eagles,26,18898746,2020
1350,Ryan Brown,QB,Philadelphia Eagles,26,12379004,2018
1351,David Thomas,DL,Philadelphia Eagles,26,31279115,2015
1352,William Brown,TE,Philadelphia Eagles,26,37951606,2023
1353,Kevin Garcia,OL,Philadelphia Eagles,26,36672237,2024
1354,Brandon Martinez,QB,Philadelphia Eagles,26,8403554,2022
1355,Mark Rodriguez,DL,Philadelphia Eagles,26,28080170,2019
1356,Michael Anderson,LB,Philadelphia Eagles,26,20465598,2025
1357,David Johnson,S,Philadelphia Eagles,26,41942686,2025
1358,David Garcia,LB,Philadelphia Eagles,26,16449056,2021
1359,Paul Anderson,K,Philadelphia Eagles,26,19330265,2020
1360,Jason Williams,LB,Philadelphia Eagles,26,43506857,2023
1361,Mark Gonzalez,CB,Philadelphia Eagles,26,7220846,2025
1362,Brian Martin,OL,Philadelphia Eagles,26,28614224,2025
1363,Michael Brown,QB,Philadelphia Eagles,26,21062724,2015
1364,Andrew Anderson,CB,Philadelphia Eagles,26,27844215,2018
1365,Brian Hernandez,QB,Philadelphia Eagles,26,32883540,2022
1366,Brian Gonzalez,OL,Philadelphia Eagles,26,43464372,2019
1367,Brandon Gonzalez,OL,Philadelphia Eagles,26,28215069,2018
1368,Andrew Brown,S,Philadelphia Eagles,26,1043032,2015
1369,Brian Miller,LB,Philadelphia Eagles,26,26573835,2021
1370,Michael Smith,LB,Philadelphia Eagles,26,23156698,2020
1371,Mark Miller,S,Philadelphia Eagles,26,44449614,2023
1372,William Smith,CB,Philadelphia Eagles,26,14999961,2015
1373,Brian Martin,K,Philadelphia Eagles,26,4810904,2020
1374,John Jackson,DL,Philadelphia Eagles,26,38916055,2016
1375,Daniel Miller,CB,Philadelphia Eagles,26,27413787,2017
1376,Robert Martin,QB,Philadelphia Eagles,26,14401182,2022
1377,Joshua Gonzalez,CB,Philadelphia Eagles,26,3930372,2024
1378,James Anderson,P,Philadelphia Eagles,26,2664816,2017
1379,Brandon Brown,S,Pittsburgh Steelers,27,19060424,2016
1380,Jason Garcia,DL,Pittsburgh Steelers,27,12102565,2018
1381,Michael Miller,S,Pittsburgh Steelers,27,32636903,2018
1382,David Martinez,WR,Pittsburgh Steelers,27,2927077,2015
1383,Robert Smith,LB,Pittsburgh Steelers,27,37201236,2021
1384,Mark Jones,LB,Pittsburgh Steelers,27,38103760,2015
1385,Ryan Rodriguez,CB,Pittsburgh Steelers,27,29088956,2019
1386,Joshua Moore,CB,Pittsburgh Steelers,27,19130423,2021
1387,William Davis,K,Pittsburgh Steelers,27,9424071,2016
1388,Ryan Martinez,S,Pittsburgh Steelers,27,11998590,2018
1389,Justin Lopez,S,Pittsburgh Steelers,27,29588054,2022
1390,Chris Rodriguez,P,Pittsburgh Steelers,27,3041089,2024
1391,Chris Martinez,S,Pittsburgh Steelers,27,32440991,2015
1392,Robert Rodriguez,CB,Pittsburgh Steelers,27,43577118,2019
1393,Eric Garcia,K,Pittsburgh Steelers,27,5935916,2019
1394,Anthony Martinez,OL,Pittsburgh Steelers,27,7872861,2023
1395,Mark Thomas,DL,Pittsburgh Steelers,27,17632378,2017
1396,Kevin Hernandez,P,Pittsburgh Steelers,27,32240659,2016
1397,Michael Williams,K,Pittsburgh Steelers,27,21170690,2019
1398,Kevin Johnson,S,Pittsburgh Steelers,27,44494974,2020
1399,Eric Martinez,QB,Pittsburgh Steelers,27,12035651,2021
1400,Robert Williams,CB,Pittsburgh Steelers,27,26328795,2015
1401,Joshua Garcia,WR,Pittsburgh Steelers,27,42378936,2023
1402,John Brown,OL,Pittsburgh Steelers,27,43359899,2015
1403,Jason Miller,TE,Pittsburgh Steelers,27,30524678,2021
1404,Michael Rodriguez,WR,Pittsburgh Steelers,27,36114914,2022
1405,Paul Hernandez,OL,Pittsburgh Steelers,27,19648794,2022
1406,James Miller,WR,Pittsburgh Steelers,27,10569056,2015
1407,William Gonzalez,S,Pittsburgh Steelers,27,4797438,2019
1408,Daniel Smith,K,Pittsburgh Steelers,27,2968567,2024
1409,Kevin Hernandez,DL,Pittsburgh Steelers,27,15083183,2016
1410,Anthony Garcia,QB,Pittsburgh Steelers,27,39588652,2017
1411,Joshua Anderson,K,Pittsburgh Steelers,27,28621290,2020
1412,Michael Miller,RB,Pittsburgh Steelers,27,26968515,2018
1413,John Garcia,TE,Pittsburgh Steelers,27,6839415,2025
1414,James Williams,K,Pittsburgh Steelers,27,40383273,2023
1415,David Wilson,P,Pittsburgh Steelers,27,5424608,2015
1416,Justin Smith,DL,Pittsburgh Steelers,27,43636705,2020
1417,James Wilson,DL,Pittsburgh Steelers,27,3160706,2018
1418,Ryan Jackson,LB,Pittsburgh Steelers,27,19705248,2019
1419,Chris Moore,OL,Pittsburgh Steelers,27,36007479,2017
1420,Joshua Lopez,TE,Pittsburgh Steelers,27,10918187,2018
1421,Chris Jackson,QB,Pittsburgh Steelers,27,37173429,2023
1422,William Jackson,S,Pittsburgh Steelers,27,35429458,2019
1423,Daniel Wilson,CB,Pittsburgh Steelers,27,3752442,2022
1424,Brian Thomas,OL,Pittsburgh Steelers,27,8815669,2025
1425,David Anderson,CB,Pittsburgh Steelers,27,17589392,2019
1426,Michael Williams,WR,Pittsburgh Steelers,27,41619053,2019
1427,Mark Wilson,OL,Pittsburgh Steelers,27,2790756,2022
1428,Paul Martin,RB,Pittsburgh Steelers,27,10576701,2023
1429,Andrew Davis,S,Pittsburgh Steelers,27,10984494,2016
1430,Joshua Jones,DL,Pittsburgh Steelers,27,42701094,2025
1431,William Thomas,WR,Pittsburgh Steelers,27,32324778,2017
1432,Anthony Williams,QB,San Francisco 49ers,28,15342219,2021
1433,Robert Williams,DL,San Francisco 49ers,28,42833431,2019
1434,Chris Lopez,K,San Francisco 49ers,28,1231810,2020
1435,Justin Wilson,LB,San Francisco 49ers,28,9416944,2025
1436,Andrew Wilson,OL,San Francisco 49ers,28,39184975,2019
1437,Brian Johnson,LB,San Francisco 49ers,28,36629301,2025
1438,Daniel Williams,P,San Francisco 49ers,28,27590705,2020
1439,Paul Moore,S,San Francisco 49ers,28,8068122,2018
1440,William Davis,OL,San Francisco 49ers,28,42779536,2017
1441,Eric Garcia,CB,San Francisco 49ers,28,11644670,2023
1442,Michael Anderson,OL,San Francisco 49ers,28,1003570,2023
1443,Brandon Wilson,P,San Francisco 49ers,28,20564212,2017
1444,Mark Wilson,S,San Francisco 49ers,28,3028643,2023
1445,Brian Martinez,LB,San Francisco 49ers,28,14573874,2020
1446,Andrew Anderson,TE,San Francisco 49ers,28,1530532,2019
1447,David Hernandez,LB,San Francisco 49ers,28,5678513,2015
1448,James Davis,LB,San Francisco 49ers,28,31696992,2025
1449,Brandon Garcia,LB,San Francisco 49ers,28,15255417,2020
1450,William Taylor,QB,San Francisco 49ers,28,6990054,2019
1451,Michael Hernandez,TE,San Francisco 49ers,28,29011459,2018
1452,Kevin Anderson,QB,San Francisco 49ers,28,17838197,2018
1453,Michael Lopez,TE,San Francisco 49ers,28,20910895,2020
1454,Kevin Johnson,K,San Francisco 49ers,28,44850651,2023
1455,Daniel Martin,K,San Francisco 49ers,28,17811729,2016
1456,Daniel Wilson,LB,San Francisco 49ers,28,14174904,2018
1457,James Wilson,P,San Francisco 49ers,28,4905134,2017
1458,Joshua Martinez,OL,San Francisco 49ers,28,42050455,2016
1459,Mark Martin,TE,San Francisco 49ers,28,11477475,2025
1460,Jason Garcia,QB,San Francisco 49ers,28,36779889,2025
1461,Brian Davis,DL,San Francisco 49ers,28,8230208,2024
1462,William Gonzalez,TE,San Francisco 49ers,28,6449738,2016
1463,Joshua Brown,K,San Francisco 49ers,28,40889136,2022
1464,William Martinez,TE,San Francisco 49ers,28,25821659,2025
1465,William Garcia,TE,San Francisco 49ers,28,17224643,2022
1466,David Garcia,CB,San Francisco 49ers,28,24627940,2017
1467,Daniel Johnson,LB,San Francisco 49ers,28,3159538,2023
1468,John Moore,LB,San Francisco 49ers,28,39204559,2017
1469,Mark Jones,OL,San Francisco 49ers,28,10333459,2022
1470,James Wilson,K,San Francisco 49ers,28,39519538,2024
1471,Joshua Martinez,S,San Francisco 49ers,28,13173240,2017
1472,Brian Smith,TE,San Francisco 49ers,28,25231218,2017
1473,Joshua Jackson,OL,San Francisco 49ers,28,27538590,2019
1474,Robert Johnson,TE,San Francisco 49ers,28,10835383,2024
1475,Eric Wilson,QB,San Francisco 49ers,28,30005719,2016
1476,Andrew Rodriguez,TE,San Francisco 49ers,28,42150073,2024
1477,Brandon Anderson,S,San Francisco 49ers,28,22459523,2025
1478,Chris Moore,WR,San Francisco 49ers,28,24596412,2024
1479,Mark Williams,WR,San Francisco 49ers,28,28465640,2019
1480,John Jackson,K,San Francisco 49ers,28,24009473,2025
1481,Brandon Williams,LB,San Francisco 49ers,28,6094045,2023
1482,Anthony Smith,DL,San Francisco 49ers,28,38194648,2020
1483,Jason Wilson,DL,San Francisco 49ers,28,2385172,2021
1484,Mark Hernandez,TE,San Francisco 49ers,28,22783606,2015
1485,Justin Jones,DL,Seattle Seahawks,29,19546208,2019
1486,Daniel Jones,CB,Seattle Seahawks,29,10447097,2021
1487,Mark Hernandez,WR,Seattle Seahawks,29,15175008,2019
1488,John Hernandez,QB,Seattle Seahawks,29,34534989,2018
1489,Michael Johnson,QB,Seattle Seahawks,29,13422145,2020
1490,James Rodriguez,P,Seattle Seahawks,29,15823399,2015
1491,Mark Martinez,S,Seattle Seahawks,29,32043597,2025
1492,Jason Wilson,P,Seattle Seahawks,29,13693999,2022
1493,William Brown,P,Seattle Seahawks,29,13645457,2019
1494,William Rodriguez,OL,Seattle Seahawks,29,27650808,2025
1495,Mark Rodriguez,CB,Seattle Seahawks,29,31765398,2017
1496,Mark Smith,QB,Seattle Seahawks,29,33120920,2022
1497,Robert Jones,P,Seattle Seahawks,29,29425175,2019
1498,Justin Garcia,OL,Seattle Seahawks,29,23213181,2025
1499,Anthony Gonzalez,OL,Seattle Seahawks,29,29465223,2024
1500,Mark Brown,WR,Seattle Seahawks,29,24995844,2017
1501,Brian Miller,QB,Seattle Seahawks,29,15234392,2016
1502,Brian Taylor,S,Seattle Seahawks,29,1591106,2017
1503,Robert Gonzalez,LB,Seattle Seahawks,29,4899025,2025
1504,Anthony Wilson,P,Seattle Seahawks,29,17974707,2025
1505,Michael Taylor,OL,Seattle Seahawks,29,7138947,2022
1506,Michael Moore,K,Seattle Seahawks,29,5906745,2025
1507,David Jones,DL,Seattle Seahawks,29,15557859,2024
1508,Chris Garcia,OL,Seattle Seahawks,29,33825648,2025
1509,Brandon Wilson,TE,Seattle Seahawks,29,13011580,2022
1510,Eric Lopez,CB,Seattle Seahawks,29,14793233,2016
1511,John Moore,P,Seattle Seahawks,29,32985889,2021
1512,Kevin Moore,DL,Seattle Seahawks,29,21336362,2017
1513,James Garcia,S,Seattle Seahawks,29,19491902,2025
1514,Brandon Martin,CB,Seattle Seahawks,29,21417036,2019
1515,John Jones,S,Seattle Seahawks,29,28055014,2022
1516,Paul Hernandez,QB,Seattle Seahawks,29,12279291,2017
1517,Anthony Martinez,QB,Seattle Seahawks,29,20470420,2018
1518,John Brown,OL,Seattle Seahawks,29,28721551,2023
1519,William Davis,LB,Seattle Seahawks,29,16470241,2016
1520,Paul Thomas,WR,Seattle Seahawks,29,27806317,2021
1521,Brian Martinez,LB,Seattle Seahawks,29,8999249,2021
1522,William Jackson,S,Seattle Seahawks,29,34544009,2018
1523,William Garcia,S,Seattle Seahawks,29,8877907,2020
1524,Chris Martinez,P,Seattle Seahawks,29,24851020,2017
1525,Eric Hernandez,DL,Seattle Seahawks,29,28380887,2024
1526,Robert Johnson,CB,Seattle Seahawks,29,31902808,2023
1527,Joshua Garcia,P,Seattle Seahawks,29,36281213,2017
1528,Jason Smith,CB,Seattle Seahawks,29,22440790,2022
1529,David Wilson,WR,Seattle Seahawks,29,23819815,2019
1530,Mark Martin,TE,Seattle Seahawks,29,18854633,2024
1531,Brandon Rodriguez,OL,Seattle Seahawks,29,11030913,2020
1532,Michael Miller,RB,Seattle Seahawks,29,2662909,2019
1533,Kevin Johnson,TE,Seattle Seahawks,29,8013974,2016
1534,Joshua Wilson,WR,Seattle Seahawks,29,13049316,2017
1535,Robert Wilson,TE,Seattle Seahawks,29,30697459,2016
1536,John Anderson,WR,Seattle Seahawks,29,29819610,2016
1537,Andrew Rodriguez,S,Seattle Seahawks,29,26074626,2025
1538,Daniel Miller,K,Tampa Bay Buccaneers,30,19153126,2021
1539,Justin Miller,CB,Tampa Bay Buccaneers,30,4017825,2015
1540,Joshua Gonzalez,K,Tampa Bay Buccaneers,30,12385037,2019
1541,Brian Martinez,OL,Tampa Bay Buccaneers,30,36998711,2019
1542,William Moore,TE,Tampa Bay Buccaneers,30,31986926,2019
1543,Eric Jones,K,Tampa Bay Buccaneers,30,9347380,2015
1544,Robert Martinez,DL,Tampa Bay Buccaneers,30,22255105,2016
1545,Paul Williams,S,Tampa Bay Buccaneers,30,19338375,2018
1546,Ryan Anderson,DL,Tampa Bay Buccaneers,30,30725306,2023
1547,Chris Jackson,RB,Tampa Bay Buccaneers,30,3958362,2015
1548,Ryan Rodriguez,S,Tampa Bay Buccaneers,30,21169316,2018
1549,William Brown,TE,Tampa Bay Buccaneers,30,27557933,2017
1550,James Moore,TE,Tampa Bay Buccaneers,30,6210609,2016
1551,Daniel Thomas,QB,Tampa Bay Buccaneers,30,28490579,2023
1552,Brandon Anderson,OL,Tampa Bay Buccaneers,30,12385227,2018
1553,Robert Rodriguez,OL,Tampa Bay Buccaneers,30,29545419,2024
1554,James Anderson,S,Tampa Bay Buccaneers,30,12728595,2016
1555,Paul Brown,S,Tampa Bay Buccaneers,30,16369883,2022
1556,Joshua Thomas,QB,Tampa Bay Buccaneers,30,1753143,2018
1557,Robert Wilson,CB,Tampa Bay Buccaneers,30,27185157,2017
1558,Ryan Moore,TE,Tampa Bay Buccaneers,30,37335084,2015
1559,Jason Thomas,S,Tampa Bay Buccaneers,30,16727052,2020
1560,Justin Rodriguez,S,Tampa Bay Buccaneers,30,8033699,2015
1561,Anthony Smith,OL,Tampa Bay Buccaneers,30,37755346,2024
1562,Joshua Martinez,K,Tampa Bay Buccaneers,30,40391832,2020
1563,David Jones,DL,Tampa Bay Buccaneers,30,9817878,2017
1564,James Moore,OL,Tampa Bay Buccaneers,30,44777289,2016
1565,Justin Davis,TE,Tampa Bay Buccaneers,30,4979712,2017
1566,William Johnson,OL,Tampa Bay Buccaneers,30,30353321,2020
1567,Paul Lopez,TE,Tampa Bay Buccaneers,30,16607818,2022
1568,William Davis,K,Tampa Bay Buccaneers,30,27993026,2022
1569,Joshua Wilson,DL,Tampa Bay Buccaneers,30,2680226,2023
1570,Brandon Wilson,OL,Tampa Bay Buccaneers,30,24155736,2025
1571,Daniel Martin,CB,Tampa Bay Buccaneers,30,37783048,2024
1572,Mark Johnson,CB,Tampa Bay Buccaneers,30,36027089,2022
1573,Andrew Johnson,LB,Tampa Bay Buccaneers,30,26563909,2023
1574,Joshua Jones,TE,Tampa Bay Buccaneers,30,30512382,2019
1575,Justin Anderson,CB,Tampa Bay Buccaneers,30,34745008,2025
1576,Anthony Martin,WR,Tampa Bay Buccaneers,30,33541407,2022
1577,David Wilson,QB,Tampa Bay Buccaneers,30,11845214,2017
1578,Eric Smith,RB,Tampa Bay Buccaneers,30,22653432,2024
1579,Kevin Rodriguez,OL,Tampa Bay Buccaneers,30,38551416,2024
1580,Brandon Davis,TE,Tampa Bay Buccaneers,30,38756433,2021
1581,Robert Davis,CB,Tampa Bay Buccaneers,30,5152964,2025
1582,Daniel Brown,S,Tampa Bay Buccaneers,30,20791810,2017
1583,Brian Hernandez,K,Tampa Bay Buccaneers,30,20325384,2015
1584,Ryan Martinez,OL,Tampa Bay Buccaneers,30,7760030,2015
1585,David Rodriguez,TE,Tampa Bay Buccaneers,30,5896455,2017
1586,David Taylor,CB,Tampa Bay Buccaneers,30,7026983,2023
1587,Michael Jackson,TE,Tampa Bay Buccaneers,30,28061346,2021
1588,William Smith,OL,Tampa Bay Buccaneers,30,24603507,2015
1589,James Thomas,RB,Tampa Bay Buccaneers,30,2290395,2015
1590,Ryan Rodriguez,LB,Tampa Bay Buccaneers,30,28021834,2020
1591,Daniel Thomas,WR,Tennessee Titans,31,23036979,2018
1592,Brian Williams,CB,Tennessee Titans,31,41107270,2019
1593,Andrew Wilson,DL,Tennessee Titans,31,42947631,2019
1594,Michael Rodriguez,K,Tennessee Titans,31,27985580,2024
1595,William Jackson,OL,Tennessee Titans,31,30882889,2023
1596,Paul Moore,OL,Tennessee Titans,31,17341482,2017
1597,David Miller,QB,Tennessee Titans,31,28556305,2025
1598,James Brown,RB,Tennessee Titans,31,1532822,2025
1599,Mark Garcia,P,Tennessee Titans,31,9437992,2021
1600,Ryan Johnson,S,Tennessee Titans,31,21676765,2022
1601,Paul Anderson,DL,Tennessee Titans,31,35342987,2022
1602,Paul Gonzalez,WR,Tennessee Titans,31,41330669,2020
1603,John Rodriguez,QB,Tennessee Titans,31,9615369,2021
1604,Justin Anderson,LB,Tennessee Titans,31,27588496,2018
1605,Mark Miller,OL,Tennessee Titans,31,34266742,2016
1606,Mark Jones,WR,Tennessee Titans,31,39826983,2018
1607,Eric Lopez,CB,Tennessee Titans,31,1897343,2020
1608,William Anderson,K,Tennessee Titans,31,25271459,2024
1609,William Johnson,RB,Tennessee Titans,31,34715720,2024
1610,Joshua Gonzalez,K,Tennessee Titans,31,9377865,2023
1611,Eric Smith,DL,Tennessee Titans,31,30856660,2024
1612,Robert Gonzalez,TE,Tennessee Titans,31,35699362,2021
1613,Justin Jones,QB,Tennessee Titans,31,17125683,2023
1614,Brandon Davis,DL,Tennessee Titans,31,15668094,2021
1615,John Brown,CB,Tennessee Titans,31,15588315,2015
1616,Mark Martinez,WR,Tennessee Titans,31,42412411,2022
1617,Brandon Brown,WR,Tennessee Titans,31,5747259,2021
1618,John Davis,LB,Tennessee Titans,31,30760895,2016
1619,Chris Martin,LB,Tennessee Titans,31,22991015,2021
1620,Anthony Rodriguez,QB,Tennessee Titans,31,8150845,2019
1621,Michael Miller,DL,Tennessee Titans,31,30141707,2015
1622,David Davis,WR,Tennessee Titans,31,10940885,2021
1623,Kevin Brown,QB,Tennessee Titans,31,7317539,2020
1624,Mark Williams,DL,Tennessee Titans,31,24509074,2018
1625,Mark Taylor,TE,Tennessee Titans,31,5521584,2017
1626,Chris Anderson,LB,Tennessee Titans,31,31152976,2025
1627,James Gonzalez,K,Tennessee Titans,31,8011550,2022
1628,Justin Anderson,CB,Tennessee Titans,31,4837039,2016
1629,Justin Brown,OL,Tennessee Titans,31,20164297,2021
1630,James Taylor,WR,Tennessee Titans,31,2012337,2025
1631,David Smith,LB,Tennessee Titans,31,18214196,2024
1632,Ryan Rodriguez,P,Tennessee Titans,31,31966033,2015
1633,Justin Gonzalez,RB,Tennessee Titans,31,27394001,2024
1634,Joshua Rodriguez,OL,Tennessee Titans,31,1729097,2017
1635,Chris Martin,QB,Tennessee Titans,31,20710906,2018
1636,Jason Wilson,CB,Tennessee Titans,31,10717545,2021
1637,Ryan Martin,DL,Tennessee Titans,31,11054566,2016
1638,William Davis,P,Tennessee Titans,31,14313599,2020
1639,Paul Davis,OL,Tennessee Titans,31,17924902,2015
1640,Andrew Hernandez,LB,Tennessee Titans,31,11638080,2021
1641,Paul Wilson,OL,Tennessee Titans,31,28479886,2023
1642,Brandon Thomas,RB,Tennessee Titans,31,6834608,2023
1643,Eric Johnson,S,Tennessee Titans,31,42968435,2017
1644,Kevin Garcia,LB,Washington Commanders,32,16944172,2017
1645,Brian Smith,QB,Washington Commanders,32,7487706,2024
1646,Daniel Lopez,RB,Washington Commanders,32,30604122,2019
1647,Justin Hernandez,WR,Washington Commanders,32,10545539,2024
1648,Brandon Taylor,CB,Washington Commanders,32,29206097,2017
1649,Joshua Smith,OL,Washington Commanders,32,14207581,2017
1650,Kevin Williams,WR,Washington Commanders,32,34470791,2016
1651,Ryan Taylor,DL,Washington Commanders,32,30757474,2018
1652,Chris Garcia,WR,Washington Commanders,32,2791184,2023
1653,Brian Lopez,DL,Washington Commanders,32,31921944,2024
1654,Paul Brown,QB,Washington Commanders,32,10001842,2016
1655,Kevin Martinez,S,Washington Commanders,32,23975599,2019
1656,Justin Garcia,LB,Washington Commanders,32,34932430,2024
1657,Kevin Moore,WR,Washington Commanders,32,5980415,2023
1658,Jason Garcia,S,Washington Commanders,32,35892276,2020
1659,Daniel Williams,LB,Washington Commanders,32,26711308,2022
1660,John Johnson,LB,Washington Commanders,32,36607072,2022
1661,Anthony Rodriguez,TE,Washington Commanders,32,25078988,2019
1662,Michael Williams,P,Washington Commanders,32,37145477,2019
1663,Anthony Gonzalez,K,Washington Commanders,32,19152458,2025
1664,William Wilson,WR,Washington Commanders,32,9779287,2022
1665,David Gonzalez,OL,Washington Commanders,32,34197908,2015
1666,Robert Martinez,K,Washington Commanders,32,5074517,2022
1667,Brandon Taylor,QB,Washington Commanders,32,16613573,2022
1668,Anthony Lopez,DL,Washington Commanders,32,28034139,2025
1669,Kevin Gonzalez,RB,Washington Commanders,32,5886359,2021
1670,Chris Moore,S,Washington Commanders,32,34335169,2015
1671,Kevin Garcia,TE,Washington Commanders,32,43513889,2019
1672,Chris Lopez,DL,Washington Commanders,32,8317554,2019
1673,Andrew Davis,K,Washington Commanders,32,25219361,2015
1674,Robert Miller,S,Washington Commanders,32,28433955,2015
1675,Kevin Davis,WR,Washington Commanders,32,42580456,2022
1676,William Jones,RB,Washington Commanders,32,31881381,2019
1677,Robert Johnson,K,Washington Commanders,32,21645451,2016
1678,William Lopez,RB,Washington Commanders,32,41596126,2019
1679,Jason Wilson,K,Washington Commanders,32,26242123,2017
1680,David Martin,K,Washington Commanders,32,31370480,2019
1681,Eric Brown,CB,Washington Commanders,32,33386853,2017
1682,Justin Anderson,K,Washington Commanders,32,9576399,2015
1683,Brandon Rodriguez,RB,Washington Commanders,32,17833590,2015
1684,Anthony Williams,RB,Washington Commanders,32,42309536,2018
1685,Brandon Williams,DL,Washington Commanders,32,36041738,2018
1686,Anthony Smith,P,Washington Commanders,32,16932004,2020
1687,Michael Johnson,TE,Washington Commanders,32,23454718,2020
1688,Andrew Williams,K,Washington Commanders,32,24694893,2015
1689,Chris Moore,OL,Washington Commanders,32,39969239,2020
1690,Chris Williams,TE,Washington Commanders,32,25607911,2021
1691,Brian Anderson,LB,Washington Commanders,32,32639995,2016
1692,Kevin Moore,OL,Washington Commanders,32,32040418,2022
1693,John Jackson,OL,Washington Commanders,32,31046272,2019
1694,Paul Johnson,P,Washington Commanders,32,35817934,2019
1695,Ryan Johnson,DL,Washington Commanders,32,28113276,2017
1696,David Hernandez,OL,Washington Commanders,32,17959022,2018
